name	count	institution
Carnegie Mellon	(0)	Carnegie Mellon
Georgia Tech	(0)	Georgia Tech
Microsoft Research	(0)	Microsoft Research
University of Washington, Seattle	(0)	University of Washington, Seattle
Stanford	(0)	Stanford
University of California, Irvine	(0)	University of California, Irvine
Eindhoven University of Technology	(0)	Eindhoven University of Technology
Nokia	(0)	Nokia
University College London	(0)	University College London
Indiana University	(0)	Indiana University
Forlizzi, Jodi	(60)	Carnegie Mellon
Myers, Brad A.	(43)	Carnegie Mellon
Hudson, Scott E.	(42)	Carnegie Mellon
Zimmerman, John	(41)	Carnegie Mellon
John, Bonnie E.	(39)	Carnegie Mellon
Paulos, Eric	(35)	Carnegie Mellon
Mankoff, Jennifer	(33)	Carnegie Mellon
Dey, Anind K.	(32)	Carnegie Mellon
Kiesler, Sara	(25)	Carnegie Mellon
Cranor, Lorrie Faith	(20)	Carnegie Mellon
Odom, William	(19)	Carnegie Mellon
Harrison, Chris	(18)	Carnegie Mellon
Fussell, Susan R.	(17)	Carnegie Mellon
Myers, Brad	(17)	Carnegie Mellon
Pierce, James	(17)	Carnegie Mellon
Kittur, Aniket	(16)	Carnegie Mellon
Kuznetsov, Stacey	(15)	Carnegie Mellon
Hong, Jason	(14)	Carnegie Mellon
Christel, Michael G.	(13)	Carnegie Mellon
Sadeh, Norman	(13)	Carnegie Mellon
Kraut, Robert E.	(13)	Carnegie Mellon
Poupyrev, Ivan	(13)	Carnegie Mellon
Aleven, Vincent	(13)	Carnegie Mellon
Lee, Min Kyung	(13)	Carnegie Mellon
Dabbish, Laura	(12)	Carnegie Mellon
Kraut, Robert	(12)	Carnegie Mellon
Hong, Jason I.	(11)	Carnegie Mellon
Ko, Andrew J.	(11)	Carnegie Mellon
Faste, Haakon	(11)	Carnegie Mellon
Wobbrock, Jacob O.	(10)	Carnegie Mellon
Yang, Jie	(10)	Carnegie Mellon
Koedinger, Kenneth R.	(10)	Carnegie Mellon
DiSalvo, Carl	(10)	Carnegie Mellon
Hurst, Amy	(9)	Carnegie Mellon
Kim, Sunyoung	(9)	Carnegie Mellon
Dow, Steven	(9)	Carnegie Mellon
von Ahn, Luis	(9)	Carnegie Mellon
Dey, Anind	(9)	Carnegie Mellon
Banks, Richard	(9)	Carnegie Mellon
Willis, Karl D.D.	(9)	Carnegie Mellon
Kelley, Patrick Gage	(9)	Carnegie Mellon
Steinfeld, Aaron	(8)	Carnegie Mellon
Kam, Matthew	(8)	Carnegie Mellon
Bhavnani, Suresh K.	(8)	Carnegie Mellon
Gross, Mark D.	(8)	Carnegie Mellon
John, Bonnie	(8)	Carnegie Mellon
Lim, Brian Y.	(8)	Carnegie Mellon
Wiese, Jason	(8)	Carnegie Mellon
Shaw, Mary	(7)	Carnegie Mellon
Kostakos, Vassilis	(7)	Carnegie Mellon
Kirk, David	(7)	Carnegie Mellon
Oakley, Ian	(7)	Carnegie Mellon
Mutlu, Bilge	(7)	Carnegie Mellon
Hsieh, Gary	(7)	Carnegie Mellon
Bass, Len	(7)	Carnegie Mellon
Scaffidi, Christopher	(7)	Carnegie Mellon
Li, Ian	(7)	Carnegie Mellon
Landay, James A.	(6)	Carnegie Mellon
Acquisti, Alessandro	(6)	Carnegie Mellon
Tomasic, Anthony	(6)	Carnegie Mellon
Pinkwart, Niels	(6)	Carnegie Mellon
André, Paul	(6)	Carnegie Mellon
Pausch, Randy	(5)	Carnegie Mellon
Jennings, Pamela	(5)	Carnegie Mellon
Burnett, Margaret M.	(5)	Carnegie Mellon
Nichols, Jeffrey	(5)	Carnegie Mellon
Ou, Jiazhi	(5)	Carnegie Mellon
Dabbish, Laura A.	(5)	Carnegie Mellon
Davidoff, Scott	(5)	Carnegie Mellon
Harper, Richard	(5)	Carnegie Mellon
Hudson, Scott	(5)	Carnegie Mellon
Bauer, Lujo	(5)	Carnegie Mellon
Gweon, Gahgene	(5)	Carnegie Mellon
Evenson, Shelley	(5)	Carnegie Mellon
Rosé, Carolyn Penstein	(5)	Carnegie Mellon
Lynch, Collin	(5)	Carnegie Mellon
Kumar, Anuj	(5)	Carnegie Mellon
Ashley, Kevin	(5)	Carnegie Mellon
Hayashi, Eiji	(5)	Carnegie Mellon
Komanduri, Saranga	(5)	Carnegie Mellon
Dillahunt, Tawanna	(5)	Carnegie Mellon
Lin, Jialiu	(5)	Carnegie Mellon
Mazurek, Michelle L.	(5)	Carnegie Mellon
Abowd, Gregory D.	(4)	Carnegie Mellon
Zhang, Hui	(4)	Carnegie Mellon
Wiedenbeck, Susan	(4)	Carnegie Mellon
Rosson, Mary Beth	(4)	Carnegie Mellon
Avrahami, Daniel	(4)	Carnegie Mellon
Hirsch, Tad	(4)	Carnegie Mellon
Fogarty, James	(4)	Carnegie Mellon
Christin, Nicolas	(4)	Carnegie Mellon
Trewin, Shari	(4)	Carnegie Mellon
Stylos, Jeffrey	(4)	Carnegie Mellon
Siewiorek, Daniel P.	(4)	Carnegie Mellon
Miller, Robert C.	(4)	Carnegie Mellon
Oh, Lui Min	(4)	Carnegie Mellon
Golden, Elspeth	(4)	Carnegie Mellon
Tang, Karen P.	(4)	Carnegie Mellon
Lee, Joonhwan	(4)	Carnegie Mellon
Salvucci, Dario D.	(4)	Carnegie Mellon
Abowd, Gregory D.	(34)	Georgia Tech
Grinter, Rebecca E.	(17)	Georgia Tech
Edwards, W. Keith	(16)	Georgia Tech
Mynatt, Elizabeth D.	(15)	Georgia Tech
Starner, Thad	(14)	Georgia Tech
Hayes, Gillian R.	(11)	Georgia Tech
MacIntyre, Blair	(10)	Georgia Tech
Chetty, Marshini	(10)	Georgia Tech
Yardi, Sarita	(10)	Georgia Tech
Poole, Erika Shehan	(10)	Georgia Tech
Wyche, Susan P.	(9)	Georgia Tech
Brajnik, Giorgio	(8)	Georgia Tech
Dow, Steven	(8)	Georgia Tech
Guzdial, Mark	(8)	Georgia Tech
Bruckman, Amy	(8)	Georgia Tech
Kientz, Julie A.	(8)	Georgia Tech
Yarosh, Svetlana	(8)	Georgia Tech
McCrickard, D. Scott	(7)	Georgia Tech
Druin, Allison	(7)	Georgia Tech
Abowd, Gregory	(7)	Georgia Tech
Dey, Anind K.	(7)	Georgia Tech
Iachello, Giovanni	(7)	Georgia Tech
Sellen, Abigail	(7)	Georgia Tech
Myers, Brad A.	(6)	Georgia Tech
Stasko, John	(6)	Georgia Tech
Harper, Simon	(6)	Georgia Tech
Clawson, James	(6)	Georgia Tech
Harper, Richard	(6)	Georgia Tech
Sengers, Phoebe	(6)	Georgia Tech
Tan, Desney	(6)	Georgia Tech
Le Dantec, Christopher A.	(6)	Georgia Tech
Rosson, Mary Beth	(5)	Georgia Tech
Yesilada, Yeliz	(5)	Georgia Tech
Mateas, Michael	(5)	Georgia Tech
Lyons, Kent	(5)	Georgia Tech
Taylor, Alex S.	(5)	Georgia Tech
Truong, Khai N.	(5)	Georgia Tech
Rogers, Wendy A.	(5)	Georgia Tech
Gilbert, Eric	(5)	Georgia Tech
Bardzell, Shaowen	(5)	Georgia Tech
Brewster, Stephen	(4)	Georgia Tech
Carroll, John M.	(4)	Georgia Tech
Markopoulos, Panos	(4)	Georgia Tech
Rodden, Tom	(4)	Georgia Tech
Hudson, Scott E.	(4)	Georgia Tech
Simon, Rainer	(4)	Georgia Tech
Dix, Alan	(4)	Georgia Tech
Schmidt, Albrecht	(4)	Georgia Tech
Benford, Steve	(4)	Georgia Tech
Brewster, Stephen A.	(4)	Georgia Tech
Grudin, Jonathan	(4)	Georgia Tech
Greenberg, Saul	(4)	Georgia Tech
Czerwinski, Mary	(4)	Georgia Tech
Patel, Shwetak N.	(4)	Georgia Tech
Bolter, Jay David	(4)	Georgia Tech
Mankoff, Jennifer	(4)	Georgia Tech
Romero, Mario	(4)	Georgia Tech
Consolvo, Sunny	(4)	Georgia Tech
Smith, Ian	(4)	Georgia Tech
Kam, Matthew	(4)	Georgia Tech
Bellotti, Victoria	(4)	Georgia Tech
Scott, James	(4)	Georgia Tech
DiSalvo, Carl	(4)	Georgia Tech
Do, Ellen Yi-Luen	(4)	Georgia Tech
Bardzell, Jeffrey	(4)	Georgia Tech
Miller, Andrew D.	(4)	Georgia Tech
Boring, Sebastian	(4)	Georgia Tech
Dimond, Jill P.	(4)	Georgia Tech
Shneiderman, Ben	(3)	Georgia Tech
Plaue, Christopher	(3)	Georgia Tech
Pérez-Quiñones, Manuel A.	(3)	Georgia Tech
Horvitz, Eric	(3)	Georgia Tech
Rode, Jennifer A.	(3)	Georgia Tech
Crabtree, Andy	(3)	Georgia Tech
Kaye, Joseph 'Jofish'	(3)	Georgia Tech
Igarashi, Takeo	(3)	Georgia Tech
Toyama, Kentaro	(3)	Georgia Tech
Mahajan, Ratul	(3)	Georgia Tech
Catrambone, Richard	(3)	Georgia Tech
Carpendale, Sheelagh	(3)	Georgia Tech
Catarci, Tiziana	(3)	Georgia Tech
Plaisant, Catherine	(3)	Georgia Tech
Höök, Kristina	(3)	Georgia Tech
Foley, James D.	(3)	Georgia Tech
Dourish, Paul	(3)	Georgia Tech
Bouchet, Jullien	(3)	Georgia Tech
Nigay, Laurence	(3)	Georgia Tech
Oulasvirta, Antti	(3)	Georgia Tech
Jacko, Julie A.	(3)	Georgia Tech
Riekki, Jukka	(3)	Georgia Tech
Izadi, Shahram	(3)	Georgia Tech
Ducheneaut, Nicolas	(3)	Georgia Tech
Swan, Laurel	(3)	Georgia Tech
Lin, Bin	(3)	Georgia Tech
Miller, Robert C.	(3)	Georgia Tech
Lee, Bongshin	(3)	Georgia Tech
Perry, Mark	(3)	Georgia Tech
Tscheligi, Manfred	(3)	Georgia Tech
Newman, Mark W.	(3)	Georgia Tech
Tang, Anthony	(3)	Georgia Tech
Grudin, Jonathan	(28)	Microsoft Research
Czerwinski, Mary	(28)	Microsoft Research
Horvitz, Eric	(22)	Microsoft Research
Hinckley, Ken	(19)	Microsoft Research
Tan, Desney	(19)	Microsoft Research
White, Ryen W.	(18)	Microsoft Research
Cutrell, Edward	(18)	Microsoft Research
Morris, Meredith Ringel	(18)	Microsoft Research
Teevan, Jaime	(18)	Microsoft Research
Benko, Hrvoje	(16)	Microsoft Research
Morris, Dan	(14)	Microsoft Research
Tan, Desney S.	(14)	Microsoft Research
Lee, Bongshin	(13)	Microsoft Research
Counts, Scott	(13)	Microsoft Research
Wilson, Andrew D.	(12)	Microsoft Research
Baudisch, Patrick	(10)	Microsoft Research
Paek, Tim	(10)	Microsoft Research
Robertson, George	(10)	Microsoft Research
Smith, Greg	(10)	Microsoft Research
Brush, A.J. Bernheim	(9)	Microsoft Research
Balakrishnan, Ravin	(7)	Microsoft Research
Dumais, Susan T.	(7)	Microsoft Research
Karlson, Amy K.	(7)	Microsoft Research
Drucker, Steven M.	(7)	Microsoft Research
Agrawala, Maneesh	(6)	Microsoft Research
Fisher, Danyel	(6)	Microsoft Research
Buxton, Bill	(6)	Microsoft Research
Iqbal, Shamsi T.	(6)	Microsoft Research
Inkpen, Kori	(6)	Microsoft Research
Brush, A. J. Bernheim	(6)	Microsoft Research
Meyers, Brian	(6)	Microsoft Research
Scott, James	(6)	Microsoft Research
Venolia, Gina	(6)	Microsoft Research
Inkpen, Kori M.	(5)	Microsoft Research
Sarin, Raman	(5)	Microsoft Research
Cao, Xiang	(5)	Microsoft Research
Saponas, T. Scott	(5)	Microsoft Research
Tunkelang, Daniel	(5)	Microsoft Research
Tang, John C.	(5)	Microsoft Research
Gulwani, Sumit	(5)	Microsoft Research
Sinclair, Mike	(5)	Microsoft Research
Kules, Bill	(5)	Microsoft Research
André, Paul	(5)	Microsoft Research
Capra, Robert	(5)	Microsoft Research
De Choudhury, Munmun	(5)	Microsoft Research
Robertson, George G.	(4)	Microsoft Research
Wobbrock, Jacob O.	(4)	Microsoft Research
Hutchings, Dugald Ralph	(4)	Microsoft Research
Toyama, Kentaro	(4)	Microsoft Research
Mahajan, Ratul	(4)	Microsoft Research
Thies, William	(4)	Microsoft Research
Wigdor, Daniel	(4)	Microsoft Research
Patel, Shwetak N.	(4)	Microsoft Research
Villar, Nicolas	(4)	Microsoft Research
Sellen, Abigail	(4)	Microsoft Research
Brush, A. J.	(4)	Microsoft Research
Zhang, Zhengyou	(4)	Microsoft Research
Smith, Catherine L.	(4)	Microsoft Research
Smith, Marc	(4)	Microsoft Research
schraefel, m.c.	(4)	Microsoft Research
Roseway, Asta	(4)	Microsoft Research
Banks, Richard	(4)	Microsoft Research
Monroy-Hernández, Andrés	(4)	Microsoft Research
Hoff, Aaron	(4)	Microsoft Research
Johns, Paul	(4)	Microsoft Research
Henry Riche, Nathalie	(4)	Microsoft Research
Czerwinski, Mary P.	(3)	Microsoft Research
Bederson, Benjamin B.	(3)	Microsoft Research
Stasko, John	(3)	Microsoft Research
Salesin, David	(3)	Microsoft Research
Dumais, Susan	(3)	Microsoft Research
Cohen, Michael	(3)	Microsoft Research
Jacobs, Charles	(3)	Microsoft Research
Golovchinsky, Gene	(3)	Microsoft Research
Marshall, Catherine C.	(3)	Microsoft Research
Ishii, Hiroshi	(3)	Microsoft Research
Drucker, Steven	(3)	Microsoft Research
Yuan, Junsong	(3)	Microsoft Research
Jung, Jaeyeon	(3)	Microsoft Research
Moscovich, Tomer	(3)	Microsoft Research
Izadi, Shahram	(3)	Microsoft Research
Shilman, Michael	(3)	Microsoft Research
Chetty, Marshini	(3)	Microsoft Research
Oliver, Nuria	(3)	Microsoft Research
Consolvo, Sunny	(3)	Microsoft Research
Guimbretiere, Francois	(3)	Microsoft Research
Ramos, Gonzalo	(3)	Microsoft Research
Jones, William	(3)	Microsoft Research
Farnham, Shelly	(3)	Microsoft Research
Neustaedter, Carman	(3)	Microsoft Research
Saroiu, Stefan	(3)	Microsoft Research
Krumm, John	(3)	Microsoft Research
Gupta, Anoop	(3)	Microsoft Research
Robbins, Daniel	(3)	Microsoft Research
Adar, Eytan	(3)	Microsoft Research
Rui, Yong	(3)	Microsoft Research
Donner, Jonathan	(3)	Microsoft Research
Robbins, Daniel C.	(3)	Microsoft Research
Egelman, Serge	(3)	Microsoft Research
Bragdon, Andrew	(3)	Microsoft Research
Wobbrock, Jacob O.	(35)	University of Washington, Seattle
Friedman, Batya	(20)	University of Washington, Seattle
Kientz, Julie A.	(17)	University of Washington, Seattle
Landay, James A.	(15)	University of Washington, Seattle
Patel, Shwetak N.	(14)	University of Washington, Seattle
Borriello, Gaetano	(13)	University of Washington, Seattle
Ko, Andrew J.	(13)	University of Washington, Seattle
Consolvo, Sunny	(13)	University of Washington, Seattle
Fogarty, James	(12)	University of Washington, Seattle
Borning, Alan	(11)	University of Washington, Seattle
Froehlich, Jon	(11)	University of Washington, Seattle
Findlater, Leah	(10)	University of Washington, Seattle
Jones, William	(10)	University of Washington, Seattle
McDonald, David W.	(9)	University of Washington, Seattle
Pratt, Wanda	(9)	University of Washington, Seattle
Myers, Brad A.	(8)	University of Washington, Seattle
Hendry, David G.	(8)	University of Washington, Seattle
Wobbrock, Jacob	(8)	University of Washington, Seattle
Nathan, Lisa P.	(8)	University of Washington, Seattle
Choe, Eun Kyoung	(8)	University of Washington, Seattle
Gupta, Sidhant	(8)	University of Washington, Seattle
Tan, Desney S.	(7)	University of Washington, Seattle
Kriplean, Travis	(7)	University of Washington, Seattle
Klasnja, Predrag	(7)	University of Washington, Seattle
Ladner, Richard E.	(6)	University of Washington, Seattle
Li, Yang	(6)	University of Washington, Seattle
Kolko, Beth	(6)	University of Washington, Seattle
Zachry, Mark	(6)	University of Washington, Seattle
Kane, Shaun K.	(6)	University of Washington, Seattle
Chilana, Parmit K.	(6)	University of Washington, Seattle
Woelfer, Jill Palzkill	(6)	University of Washington, Seattle
Harrison, Beverly	(5)	University of Washington, Seattle
Larson, Eric	(5)	University of Washington, Seattle
Shinohara, Kristen	(5)	University of Washington, Seattle
Lee, Charlotte P.	(5)	University of Washington, Seattle
Parikh, Tapan	(5)	University of Washington, Seattle
Patel, Shwetak	(5)	University of Washington, Seattle
Morgan, Jonathan T.	(5)	University of Washington, Seattle
Jansen, Alex	(5)	University of Washington, Seattle
Goel, Mayank	(5)	University of Washington, Seattle
Abowd, Gregory D.	(4)	University of Washington, Seattle
Cutrell, Edward	(4)	University of Washington, Seattle
Rosson, Mary Beth	(4)	University of Washington, Seattle
Liu, Alan L.	(4)	University of Washington, Seattle
Hirsch, Tad	(4)	University of Washington, Seattle
Brunette, Waylon	(4)	University of Washington, Seattle
Morris, Dan	(4)	University of Washington, Seattle
Guan, Zhiwei	(4)	University of Washington, Seattle
Blevis, Eli	(4)	University of Washington, Seattle
KahnJr., Peter H.	(4)	University of Washington, Seattle
Ramey, Judith	(4)	University of Washington, Seattle
Landay, James	(4)	University of Washington, Seattle
Anokwa, Yaw	(4)	University of Washington, Seattle
Jayant, Chandrika	(4)	University of Washington, Seattle
Thayer, Alexander	(4)	University of Washington, Seattle
Ostergren, Marilyn	(4)	University of Washington, Seattle
Popovic, Zoran	(4)	University of Washington, Seattle
Yoo, Daisy	(4)	University of Washington, Seattle
Watson, Nathaniel F.	(4)	University of Washington, Seattle
Cohn, Gabe	(4)	University of Washington, Seattle
Aragon, Cecilia	(4)	University of Washington, Seattle
McDonald, David	(3)	University of Washington, Seattle
Weld, Daniel S.	(3)	University of Washington, Seattle
Wiedenbeck, Susan	(3)	University of Washington, Seattle
Hong, Jason I.	(3)	University of Washington, Seattle
Avrahami, Daniel	(3)	University of Washington, Seattle
Hudson, Scott E.	(3)	University of Washington, Seattle
Lin, James	(3)	University of Washington, Seattle
Toyama, Kentaro	(3)	University of Washington, Seattle
Balakrishnan, Ravin	(3)	University of Washington, Seattle
Bietz, Matthew J.	(3)	University of Washington, Seattle
Harada, Susumu	(3)	University of Washington, Seattle
Grossman, Tovi	(3)	University of Washington, Seattle
Mankoff, Jennifer	(3)	University of Washington, Seattle
McCarthy, Joseph F.	(3)	University of Washington, Seattle
Morris, Meredith Ringel	(3)	University of Washington, Seattle
Ackerman, Mark S.	(3)	University of Washington, Seattle
Burnett, Margaret M.	(3)	University of Washington, Seattle
Davis, Janet	(3)	University of Washington, Seattle
Miller, Robert C.	(3)	University of Washington, Seattle
LaMarca, Anthony	(3)	University of Washington, Seattle
Smith, Ian	(3)	University of Washington, Seattle
Cuddihy, Elisabeth	(3)	University of Washington, Seattle
Teevan, Jaime	(3)	University of Washington, Seattle
Patel, Kayur	(3)	University of Washington, Seattle
Bernstein, Michael	(3)	University of Washington, Seattle
DiSalvo, Carl	(3)	University of Washington, Seattle
Chen, Mike Y.	(3)	University of Washington, Seattle
DeRenzi, Brian	(3)	University of Washington, Seattle
Hile, Harlan	(3)	University of Washington, Seattle
Freier, Nathan G.	(3)	University of Washington, Seattle
Dixon, Morgan	(3)	University of Washington, Seattle
André, Paul	(3)	University of Washington, Seattle
Huh, Jina	(3)	University of Washington, Seattle
Kolko, Beth E.	(3)	University of Washington, Seattle
Andersen, Erik	(3)	University of Washington, Seattle
Gill, Brian	(3)	University of Washington, Seattle
Ruckert, Jolina H.	(3)	University of Washington, Seattle
Skeels, Meredith	(3)	University of Washington, Seattle
Reynolds, Matthew S.	(3)	University of Washington, Seattle
Klemmer, Scott R.	(31)	Stanford
Nass, Clifford	(26)	Stanford
Winograd, Terry	(26)	Stanford
Heer, Jeffrey	(19)	Stanford
Klemmer, Scott	(13)	Stanford
Hartmann, Björn	(12)	Stanford
Paepcke, Andreas	(10)	Stanford
Dow, Steven	(8)	Stanford
Morris, Meredith Ringel	(8)	Stanford
Takayama, Leila	(8)	Stanford
Moraveji, Neema	(7)	Stanford
Jonsson, Ing-Marie	(7)	Stanford
Bailenson, Jeremy N.	(7)	Stanford
Ju, Wendy	(6)	Stanford
Kumar, Manu	(6)	Stanford
Lee, Brian	(6)	Stanford
Cheng, Justin	(6)	Stanford
Shneiderman, Ben	(5)	Stanford
Hanrahan, Pat	(5)	Stanford
Shen, Chia	(5)	Stanford
Bernstein, Michael	(5)	Stanford
Hinds, Pamela	(5)	Stanford
Guo, Philip J.	(5)	Stanford
Brandt, Joel	(5)	Stanford
Wu, Leslie	(5)	Stanford
Kumar, Ranjitha	(5)	Stanford
Garcia-Molina, Hector	(4)	Stanford
Hu, Jiang	(4)	Stanford
Fogg, B. J.	(4)	Stanford
Blikstein, Paulo	(4)	Stanford
Wang, QianYing	(4)	Stanford
Schiano, Diane J.	(4)	Stanford
Forlines, Clifton	(4)	Stanford
Card, Stuart	(4)	Stanford
Friedman, Batya	(4)	Stanford
Maulsby, David	(4)	Stanford
Latulipe, Celine	(4)	Stanford
Puerta, Angel R.	(4)	Stanford
Fogg, BJ	(4)	Stanford
Maldonado, Heidy	(4)	Stanford
Aghajan, Hamid	(4)	Stanford
Yee, Nick	(4)	Stanford
Ames, Morgan G.	(4)	Stanford
Bernstein, Michael S.	(4)	Stanford
Rosner, Daniela K.	(4)	Stanford
Kulkarni, Anand	(4)	Stanford
Cirimele, Jesse	(4)	Stanford
Hellerstein, Joseph M.	(3)	Stanford
Spasojevic, Mirjana	(3)	Stanford
Kaye, Joseph 'Jofish'	(3)	Stanford
Lee, Kwan Min	(3)	Stanford
Cosley, Dan	(3)	Stanford
Blascovich, Jim	(3)	Stanford
Ryall, Kathy	(3)	Stanford
Akers, David	(3)	Stanford
Hourcade, Juan Pablo	(3)	Stanford
Hayes-Roth, Barbara	(3)	Stanford
Zhao, Chen	(3)	Stanford
Rao, Shailendra	(3)	Stanford
Verplank, Bill	(3)	Stanford
Klingner, Jeff	(3)	Stanford
Jones, Christian Martyn	(3)	Stanford
Jurafsky, Dan	(3)	Stanford
Talton, Jerry O.	(3)	Stanford
Robles, Erica	(3)	Stanford
Sukumaran, Abhay	(3)	Stanford
Brzozowski, Mike	(3)	Stanford
Hurlbutt, Tom	(3)	Stanford
Eckles, Dean	(3)	Stanford
Lewenstein, Joel	(3)	Stanford
Kandel, Sean	(3)	Stanford
Lottridge, Danielle	(3)	Stanford
Follmer, Sean	(3)	Stanford
Groom, Victoria	(3)	Stanford
Carroll, Erin A.	(3)	Stanford
Nowak, Michael	(3)	Stanford
Marshall, Jonathan	(3)	Stanford
Ranganath, Rajesh	(3)	Stanford
Schneider, Bertrand	(3)	Stanford
Bostock, Michael	(3)	Stanford
Kulkarni, Chinmay	(3)	Stanford
Chu, Larry	(3)	Stanford
Harrison, Kyle	(3)	Stanford
Rangnekar, Akshay	(3)	Stanford
Ringel, Meredith	(3)	Stanford
Jeffries, Robin	(2)	Stanford
Agrawala, Maneesh	(2)	Stanford
Ward, Wayne	(2)	Stanford
Shrager, Jeff	(2)	Stanford
Fox, Armando	(2)	Stanford
Neumann, Ulrich	(2)	Stanford
Zajicek, Mary	(2)	Stanford
Naaman, Mor	(2)	Stanford
Manning, Christopher D.	(2)	Stanford
McKeown, Nick	(2)	Stanford
Lewis, J. P.	(2)	Stanford
Turk, Matthew	(2)	Stanford
Erol, Berna	(2)	Stanford
Vaikuntanathan, Vinod	(2)	Stanford
Mateas, Michael	(2)	Stanford
Dourish, Paul	(52)	University of California, Irvine
Hayes, Gillian R.	(25)	University of California, Irvine
Tomlinson, Bill	(20)	University of California, Irvine
Mark, Gloria	(18)	University of California, Irvine
Nardi, Bonnie	(17)	University of California, Irvine
Kobsa, Alfred	(14)	University of California, Irvine
Sambasivan, Nithya	(13)	University of California, Irvine
Chen, Yunan	(12)	University of California, Irvine
Lindtner, Silvia	(10)	University of California, Irvine
Williams, Amanda	(9)	University of California, Irvine
Redmiles, David	(8)	University of California, Irvine
Patterson, Donald J.	(8)	University of California, Irvine
Irani, Lilly	(8)	University of California, Irvine
Redmiles, David F.	(8)	University of California, Irvine
Su, Norman Makoto	(8)	University of California, Irvine
Park, Sun Young	(8)	University of California, Irvine
Sengers, Phoebe	(7)	University of California, Irvine
Nguyen, David H.	(6)	University of California, Irvine
Patil, Sameer	(6)	University of California, Irvine
Blevis, Eli	(6)	University of California, Irvine
Vertesi, Janet	(6)	University of California, Irvine
Mazmanian, Melissa	(6)	University of California, Irvine
van der Hoek, André	(5)	University of California, Irvine
Al-Ani, Ban	(5)	University of California, Irvine
Grinter, Rebecca E.	(5)	University of California, Irvine
Anderson, Ken	(5)	University of California, Irvine
Kellogg, Wendy A.	(5)	University of California, Irvine
Ross, Joel	(5)	University of California, Irvine
Shih, Patrick C.	(5)	University of California, Irvine
Hirano, Sen H.	(5)	University of California, Irvine
Silberman, M. Six	(5)	University of California, Irvine
Brubaker, Jed R.	(5)	University of California, Irvine
Richardson, Debra J.	(4)	University of California, Irvine
Tsudik, Gene	(4)	University of California, Irvine
Rode, Jennifer A.	(4)	University of California, Irvine
Toyama, Kentaro	(4)	University of California, Irvine
Wang, Yang	(4)	University of California, Irvine
Ackerman, Mark S.	(4)	University of California, Irvine
Yau, Man Lok	(4)	University of California, Irvine
Shklovski, Irina	(4)	University of California, Irvine
Brewer, Johanna	(4)	University of California, Irvine
Ding, Xianghua	(4)	University of California, Irvine
Olson, Gary M.	(4)	University of California, Irvine
Baumer, Eric	(4)	University of California, Irvine
Lee, Charlotte P.	(4)	University of California, Irvine
Mainwaring, Scott	(4)	University of California, Irvine
Lee, Francis	(4)	University of California, Irvine
Page, Xinru	(4)	University of California, Irvine
Knijnenburg, Bart P.	(4)	University of California, Irvine
Pan, Yue	(3)	University of California, Irvine
Cutrell, Edward	(3)	University of California, Irvine
Kay, David G.	(3)	University of California, Irvine
Jain, Ramesh	(3)	University of California, Irvine
de Souza, Cleidson R. B.	(3)	University of California, Irvine
Erickson, Thomas	(3)	University of California, Irvine
Grudin, Jonathan	(3)	University of California, Irvine
Bietz, Matthew J.	(3)	University of California, Irvine
Hilbert, David M.	(3)	University of California, Irvine
Sim, Susan Elliott	(3)	University of California, Irvine
Mainwaring, Scott D.	(3)	University of California, Irvine
Boehner, Kirsten	(3)	University of California, Irvine
Palen, Leysia	(3)	University of California, Irvine
Light, Ann	(3)	University of California, Irvine
Rode, Jennifer	(3)	University of California, Irvine
Cutrell, Ed	(3)	University of California, Irvine
Diallo, Mamadou H.	(3)	University of California, Irvine
Tang, Charlotte	(3)	University of California, Irvine
Cervantes, Ruy	(3)	University of California, Irvine
Rangaswamy, Nimmi	(3)	University of California, Irvine
Semaan, Bryan	(3)	University of California, Irvine
Irani, Lilly C.	(3)	University of California, Irvine
Marcu, Gabriela	(3)	University of California, Irvine
Silberman, Six	(3)	University of California, Irvine
Patterson, Donald	(3)	University of California, Irvine
Robbins, Jason E.	(3)	University of California, Irvine
Wright, Charles E.	(3)	University of California, Irvine
Abowd, Gregory D.	(2)	University of California, Irvine
Venkatasubramanian, Nalini	(2)	University of California, Irvine
Mehrotra, Sharad	(2)	University of California, Irvine
Wright, Peter	(2)	University of California, Irvine
Isomursu, Minna	(2)	University of California, Irvine
DePaula, Rogério	(2)	University of California, Irvine
Blackwell, Alan F.	(2)	University of California, Irvine
Kaye, Joseph 'Jofish'	(2)	University of California, Irvine
Thomas, John C.	(2)	University of California, Irvine
Voida, Stephen	(2)	University of California, Irvine
Patterson, John	(2)	University of California, Irvine
Cheng, Li-Te	(2)	University of California, Irvine
Lorenz, David H.	(2)	University of California, Irvine
Mankoff, Jennifer	(2)	University of California, Irvine
Millen, David	(2)	University of California, Irvine
Hore, Bijit	(2)	University of California, Irvine
Nardi, Bonnie A.	(2)	University of California, Irvine
Ye, Yunwen	(2)	University of California, Irvine
Lopes, Cristina Videira	(2)	University of California, Irvine
Truong, Khai N.	(2)	University of California, Irvine
Xu, Heng	(2)	University of California, Irvine
Brdiczka, Oliver	(2)	University of California, Irvine
Mäntyjärvi, Jani	(2)	University of California, Irvine
Häkkilä, Jonna	(2)	University of California, Irvine
Markopoulos, Panos	(41)	Eindhoven University of Technology
Martens, Jean-Bernard	(23)	Eindhoven University of Technology
van den Hoven, Elise	(22)	Eindhoven University of Technology
Hummels, Caroline	(14)	Eindhoven University of Technology
Aliakseyeu, Dzmitry	(13)	Eindhoven University of Technology
Eggen, Berry	(12)	Eindhoven University of Technology
Lucero, Andrés	(11)	Eindhoven University of Technology
Bartneck, Christoph	(10)	Eindhoven University of Technology
Overbeeke, Kees	(9)	Eindhoven University of Technology
Bekker, Tilde	(9)	Eindhoven University of Technology
Rauterberg, Matthias	(8)	Eindhoven University of Technology
Bakker, Saskia	(8)	Eindhoven University of Technology
Al Mahmud, Abdullah	(8)	Eindhoven University of Technology
Wensveen, Stephan	(7)	Eindhoven University of Technology
Hu, Jun	(7)	Eindhoven University of Technology
Mubin, Omar	(7)	Eindhoven University of Technology
Karapanos, Evangelos	(7)	Eindhoven University of Technology
Khan, Vassilis-Javed	(7)	Eindhoven University of Technology
Antle, Alissa N.	(6)	Eindhoven University of Technology
Soute, Iris	(6)	Eindhoven University of Technology
Shahid, Suleman	(6)	Eindhoven University of Technology
Subramanian, Sriram	(5)	Eindhoven University of Technology
de Ruyter, Boris	(5)	Eindhoven University of Technology
Terken, Jacques	(5)	Eindhoven University of Technology
Iqbal, Rahat	(5)	Eindhoven University of Technology
Barendregt, Wolmet	(5)	Eindhoven University of Technology
Kaptein, Maurits	(5)	Eindhoven University of Technology
Hassenzahl, Marc	(4)	Eindhoven University of Technology
Tscheligi, Manfred	(4)	Eindhoven University of Technology
Meerbeek, Bernt	(4)	Eindhoven University of Technology
Bekker, Mathilde M.	(4)	Eindhoven University of Technology
Read, Janet C.	(4)	Eindhoven University of Technology
Meesters, Lydia	(4)	Eindhoven University of Technology
Ijsselsteijn, Wijnand	(4)	Eindhoven University of Technology
Golsteijn, Connie	(4)	Eindhoven University of Technology
Druin, Allison	(3)	Eindhoven University of Technology
Qi, Wen	(3)	Eindhoven University of Technology
Amft, Oliver	(3)	Eindhoven University of Technology
Feijs, Loe	(3)	Eindhoven University of Technology
De Bra, Paul	(3)	Eindhoven University of Technology
Van den Ende, Nele	(3)	Eindhoven University of Technology
Hooper, Clare J.	(3)	Eindhoven University of Technology
Sturm, Janienke	(3)	Eindhoven University of Technology
Romero, Natalia	(3)	Eindhoven University of Technology
Marshall, Paul	(3)	Eindhoven University of Technology
Frohlich, David	(3)	Eindhoven University of Technology
IJsselsteijn, Wijnand A.	(3)	Eindhoven University of Technology
Zaman, Bieke	(3)	Eindhoven University of Technology
Hengeveld, Bart	(3)	Eindhoven University of Technology
van Balkom, Hans	(3)	Eindhoven University of Technology
de Moor, Jan	(3)	Eindhoven University of Technology
Voort, Riny	(3)	Eindhoven University of Technology
Hoonhout, Jettie	(3)	Eindhoven University of Technology
Bouwhuis, Don G.	(3)	Eindhoven University of Technology
Yarosh, Svetlana	(3)	Eindhoven University of Technology
De Ruyter, Boris	(3)	Eindhoven University of Technology
Hoven, Elise	(3)	Eindhoven University of Technology
Vanden Abeele, Vero	(3)	Eindhoven University of Technology
Van Den Hoven, Elise	(3)	Eindhoven University of Technology
Stienstra, Jelle	(3)	Eindhoven University of Technology
Szostak, Dalila	(3)	Eindhoven University of Technology
van Essen, Harm	(3)	Eindhoven University of Technology
Offermans, Serge	(3)	Eindhoven University of Technology
Trotto, Ambra	(3)	Eindhoven University of Technology
Egger, Florian N.	(3)	Eindhoven University of Technology
Gutwin, Carl	(2)	Eindhoven University of Technology
Markopoulos, P.	(2)	Eindhoven University of Technology
Marti, Patrizia	(2)	Eindhoven University of Technology
Li, Ying	(2)	Eindhoven University of Technology
Forlizzi, Jodi	(2)	Eindhoven University of Technology
Overbeeke, C. J.	(2)	Eindhoven University of Technology
Djajadiningrat, Tom	(2)	Eindhoven University of Technology
Serebrenik, Alexander	(2)	Eindhoven University of Technology
Martens, J. B. O. S.	(2)	Eindhoven University of Technology
Baauw, Ester	(2)	Eindhoven University of Technology
Lyons, Michael J.	(2)	Eindhoven University of Technology
Frens, Joep	(2)	Eindhoven University of Technology
Liu, Hao	(2)	Eindhoven University of Technology
Mattelmäki, Tuuli	(2)	Eindhoven University of Technology
van Liere, Robert	(2)	Eindhoven University of Technology
Hourcade, Juan Pablo	(2)	Eindhoven University of Technology
Aroyo, Lora	(2)	Eindhoven University of Technology
Nacenta, Miguel A.	(2)	Eindhoven University of Technology
Alonso, Miguel Bruns	(2)	Eindhoven University of Technology
Bernhaupt, Regina	(2)	Eindhoven University of Technology
Sellen, Abigail	(2)	Eindhoven University of Technology
James, Anne	(2)	Eindhoven University of Technology
Swerts, Marc	(2)	Eindhoven University of Technology
Gatward, Richard	(2)	Eindhoven University of Technology
Hollemans, Gerard	(2)	Eindhoven University of Technology
Haans, Antal	(2)	Eindhoven University of Technology
IJsselsteijn, Wijnand	(2)	Eindhoven University of Technology
Lu, Yuan	(2)	Eindhoven University of Technology
Stash, Natalia	(2)	Eindhoven University of Technology
Jochems, Wim	(2)	Eindhoven University of Technology
Smits, David	(2)	Eindhoven University of Technology
Mazalek, Ali	(2)	Eindhoven University of Technology
Bekker, M. M.	(2)	Eindhoven University of Technology
van de Garde-Perik, Evelien	(2)	Eindhoven University of Technology
Vorstenbosch, Debby	(2)	Eindhoven University of Technology
Häkkilä, Jonna	(37)	Nokia
Lucero, Andrés	(21)	Nokia
Väänänen-Vainio-Mattila, Kaisa	(19)	Nokia
Liu, Ying	(14)	Nokia
Roto, Virpi	(12)	Nokia
Korhonen, Hannu	(12)	Nokia
Mäntyjärvi, Jani	(11)	Nokia
Reponen, Erika	(11)	Nokia
Jokela, Tero	(11)	Nokia
Wang, Kongqiao	(10)	Nokia
Kildal, Johan	(9)	Nokia
Lantz, Vuokko	(8)	Nokia
Wang, Xia	(8)	Nokia
Blom, Jan	(7)	Nokia
Isomursu, Minna	(7)	Nokia
Schmidt, Albrecht	(7)	Nokia
Holopainen, Jussi	(7)	Nokia
Spasojevic, Mirjana	(6)	Nokia
Oulasvirta, Antti	(6)	Nokia
Olsson, Thomas	(6)	Nokia
Boberg, Marion	(6)	Nokia
Chen, Xiang	(5)	Nokia
Cui, Yanqing	(5)	Nokia
Huuskonen, Pertti	(5)	Nokia
Arrasvuori, Juha	(5)	Nokia
Setlur, Vidya	(5)	Nokia
Mäkelä, Kaj	(5)	Nokia
Huhtala, Jussi	(5)	Nokia
Karukka, Minna	(5)	Nokia
Puikkonen, Arto	(5)	Nokia
Prata, Wilson	(5)	Nokia
Aaltonen, Viljakaisa	(5)	Nokia
Tian, Feng	(4)	Nokia
Kaye, Joseph 'Jofish'	(4)	Nokia
Raisamo, Roope	(4)	Nokia
Zhang, Xu	(4)	Nokia
Juhlin, Oskar	(4)	Nokia
Rukzio, Enrico	(4)	Nokia
Holleis, Paul	(4)	Nokia
Kaikkonen, Anne	(4)	Nokia
Mihalic, Kristijan	(4)	Nokia
Holm, Jukka	(4)	Nokia
Montola, Markus	(4)	Nokia
Rantala, Jussi	(4)	Nokia
Ahtinen, Aino	(4)	Nokia
Lehtiniemi, Arto	(4)	Nokia
Vetek, Akos	(4)	Nokia
Paasovaara, Susanna	(4)	Nokia
Ahmaniemi, Teemu	(4)	Nokia
Ventä, Leena	(4)	Nokia
Suhonen, Katja	(4)	Nokia
Keränen, Jaakko	(4)	Nokia
Kauko, Jarmo	(4)	Nokia
Sarjanoja, Ari-Heikki	(4)	Nokia
Åkerman, Panu	(4)	Nokia
Valle, Thiago	(4)	Nokia
Wang, Wei	(3)	Nokia
Wang, Hao	(3)	Nokia
Billinghurst, Mark	(3)	Nokia
Hassenzahl, Marc	(3)	Nokia
Jacucci, Giulio	(3)	Nokia
Kaaresoja, Topi	(3)	Nokia
Liu, Ning	(3)	Nokia
Aliakseyeu, Dzmitry	(3)	Nokia
Dai, Guozhong	(3)	Nokia
Lehikoinen, Jaakko	(3)	Nokia
Chipchase, Jan	(3)	Nokia
Lehikoinen, Juha	(3)	Nokia
Ketola, Pekka	(3)	Nokia
Aaltonen, Antti	(3)	Nokia
Lehikoinen, Jaakko T.	(3)	Nokia
Ledlie, Jonathan	(3)	Nokia
Wang, Hongan	(3)	Nokia
Sohn, Timothy	(3)	Nokia
Obrist, Marianna	(3)	Nokia
Dicke, Christina	(3)	Nokia
Lemmelä, Saija	(3)	Nokia
Go, Janet	(3)	Nokia
Koponen, Tiina	(3)	Nokia
Paldanius, Mikko	(3)	Nokia
Feijó Filho, Jackson	(3)	Nokia
Surakka, Veikko	(2)	Nokia
Saari, Timo	(2)	Nokia
Jones, Matt	(2)	Nokia
Schrader, Martin	(2)	Nokia
Wang, Jie	(2)	Nokia
Liu, Jun	(2)	Nokia
Boda, Péter Pál	(2)	Nokia
Law, Effie Lai-Chong	(2)	Nokia
Kujala, Sari	(2)	Nokia
Linjama, Jukka	(2)	Nokia
Jokela, Timo	(2)	Nokia
Lyons, Kent	(2)	Nokia
Subramanian, Sriram	(2)	Nokia
Kirk, David	(2)	Nokia
Li, Hui	(2)	Nokia
Korpipää, Panu	(2)	Nokia
Arhippainen, Leena	(2)	Nokia
Tscheligi, Manfred	(2)	Nokia
Jung, Younghee	(2)	Nokia
Blandford, Ann	(49)	University College London
Sasse, M. Angela	(27)	University College London
Rogers, Yvonne	(17)	University College London
Cairns, Paul	(17)	University College London
Cox, Anna L.	(15)	University College London
Steed, Anthony	(13)	University College London
Thimbleby, Harold	(12)	University College London
Furniss, Dominic	(10)	University College London
Back, Jonathan	(10)	University College London
Adams, Anne	(9)	University College London
Long, John	(9)	University College London
Bird, Jon	(8)	University College London
Curzon, Paul	(8)	University College London
McCarthy, John D.	(7)	University College London
Bianchi-Berthouze, Nadia	(7)	University College London
Marshall, Paul	(7)	University College London
Gow, Jeremy	(7)	University College London
Makri, Stephann	(7)	University College London
Buchanan, George	(6)	University College London
Riegelsberger, Jens	(6)	University College London
Brumby, Duncan P.	(6)	University College London
Newman, William	(5)	University College London
Warwick, Claire	(5)	University College London
Jennett, Charlene	(5)	University College London
Rode, Jennifer A.	(4)	University College London
Rimmer, Jon	(4)	University College London
Brostoff, Sacha	(4)	University College London
Benedyk, Rachel	(4)	University College London
Sasse, Martina Angela	(4)	University College London
Beeharee, Ashweeni	(4)	University College London
Inglesant, Philip	(4)	University College London
Cox, Anna	(4)	University College London
Slater, Mel	(3)	University College London
Roussou, Maria	(3)	University College London
Rodden, Tom	(3)	University College London
Attfield, Simon	(3)	University College London
Laney, Robin	(3)	University College London
Knoche, Hendrik	(3)	University College London
Hill, Becky	(3)	University College London
Bonhard, Philip	(3)	University College London
Martin, Karen	(3)	University College London
Flechais, Ivan	(3)	University College London
Faisal, Sarah	(3)	University College London
Galis, Alex	(3)	University College London
Dowell, John	(3)	University College London
Calvillo Gámez, Eduardo H.	(3)	University College London
Jetter, Hans-Christian	(3)	University College London
Pan, Xueni	(3)	University College London
Steptoe, William	(3)	University College London
Connell, Iain	(3)	University College London
Laqua, Sven	(3)	University College London
Cummaford, Steve	(3)	University College London
Johnson, Rose	(3)	University College London
Harrison, Daniel	(3)	University College London
Stawarz, Katarzyna	(3)	University College London
Haklay, Muki	(3)	University College London
Fatah gen. Schieck, Ava	(3)	University College London
Wilson, Gillian M.	(3)	University College London
Bolchini, Davide	(2)	University College London
Paolini, Paolo	(2)	University College London
Milic-Frayling, Natasa	(2)	University College London
Baurley, Sharon	(2)	University College London
Jones, Matt	(2)	University College London
Koleva, Boriana	(2)	University College London
Walker, Brendan	(2)	University College London
Pennington, Sarah	(2)	University College London
Sutcliffe, Alistair	(2)	University College London
Schmidt, Albrecht	(2)	University College London
Benford, Steve	(2)	University College London
Garzotto, Franca	(2)	University College London
Craft, Brock	(2)	University College London
Chantler, Mike	(2)	University College London
Dourish, Paul	(2)	University College London
Oshlyansky, Lidia	(2)	University College London
John, Bonnie E.	(2)	University College London
Wolff, Robin	(2)	University College London
Wong, B. L. William	(2)	University College London
Butterworth, Richard	(2)	University College London
Cairns, Paul A.	(2)	University College London
Schnädelbach, Holger	(2)	University College London
Connelly, Kay	(2)	University College London
Shawe-Taylor, John	(2)	University College London
Loscos, Celine	(2)	University College London
Sasse, Angela	(2)	University College London
Penn, Alan	(2)	University College London
Harries, Clare	(2)	University College London
Toscos, Tammy	(2)	University College London
Cheng, Tao	(2)	University College London
Mentis, Helena	(2)	University College London
Todd, Chris	(2)	University College London
Ocampo, Roel	(2)	University College London
Knoche, Hendrik O.	(2)	University College London
Fields, Bob	(2)	University College London
Keith, Suzette	(2)	University College London
Marquardt, Nicolai	(2)	University College London
Curzon, P.	(2)	University College London
Rukšėnas, R.	(2)	University College London
Blandford, A.	(2)	University College London
Yuill, Nicola	(2)	University College London
Edwards, Helen	(2)	University College London
Bardzell, Shaowen	(45)	Indiana University
Bardzell, Jeffrey	(41)	Indiana University
Blevis, Eli	(38)	Indiana University
Stolterman, Erik	(32)	Indiana University
Rogers, Yvonne	(14)	Indiana University
Pace, Tyler	(14)	Indiana University
Pan, Yue	(12)	Indiana University
Jung, Heekyoung	(12)	Indiana University
Lim, Youn-Kyung	(8)	Indiana University
Connelly, Kay	(8)	Indiana University
Roedl, David	(8)	Indiana University
Odom, William	(8)	Indiana University
Pierce, James	(8)	Indiana University
Gross, Shad	(8)	Indiana University
Bolchini, Davide	(7)	Indiana University
Hazlewood, William R.	(7)	Indiana University
Tomlinson, Bill	(6)	Indiana University
Sengers, Phoebe	(6)	Indiana University
Makice, Kevin	(5)	Indiana University
Toscos, Tammy	(5)	Indiana University
Lim, Youn-kyung	(5)	Indiana University
Caine, Kelly	(5)	Indiana University
Kannabiran, Gopinaath	(5)	Indiana University
Forlizzi, Jodi	(4)	Indiana University
Aneja, Shweta	(4)	Indiana University
Donaldson, Justin	(4)	Indiana University
Siek, Katie A.	(4)	Indiana University
Connelly, Kay H.	(4)	Indiana University
Busse, Daniela	(4)	Indiana University
Merritt, Samantha	(4)	Indiana University
Huang, Chung-Ching	(4)	Indiana University
Jakobsson, Markus	(3)	Indiana University
Fitzpatrick, Geraldine	(3)	Indiana University
Thomas, John C.	(3)	Indiana University
Scheutz, Matthias	(3)	Indiana University
Faiola, Anthony	(3)	Indiana University
Churchill, Elizabeth	(3)	Indiana University
Kapadia, Apu	(3)	Indiana University
Ozakca, Muzaffer	(3)	Indiana University
Weldon, Matt	(3)	Indiana University
Schermerhorn, Paul	(3)	Indiana University
Wakkary, Ron	(3)	Indiana University
Mann, Samuel	(3)	Indiana University
Thomas, John	(3)	Indiana University
DiSalvo, Carl	(3)	Indiana University
Beck, Christian	(3)	Indiana University
Busse, Daniela K.	(3)	Indiana University
Ashok, Arvind	(3)	Indiana University
Nathan, Lisa P.	(3)	Indiana University
Blevis, Shunying	(3)	Indiana University
Ferati, Mexhid	(3)	Indiana University
Toombs, Austin	(3)	Indiana University
Churchill, Elizabeth F.	(2)	Indiana University
Rodden, Tom	(2)	Indiana University
Blythe, Mark	(2)	Indiana University
Papatheodorou, Christos	(2)	Indiana University
Groth, Dennis P.	(2)	Indiana University
Camp, L. Jean	(2)	Indiana University
Yang, Tao	(2)	Indiana University
Khan, Azam	(2)	Indiana University
Nardi, Bonnie	(2)	Indiana University
Hansen, Preben	(2)	Indiana University
Beckwith, Richard	(2)	Indiana University
Albrechtsen, Hanne	(2)	Indiana University
Patterson, Donald J.	(2)	Indiana University
Fuhr, Norbert	(2)	Indiana University
Dillon, Andrew	(2)	Indiana University
Patil, Sameer	(2)	Indiana University
Zimmerman, John	(2)	Indiana University
Friedman, Batya	(2)	Indiana University
Pangam, Apurva	(2)	Indiana University
Ryan, William	(2)	Indiana University
Börner, Katy	(2)	Indiana University
Bruckman, Amy	(2)	Indiana University
Micsik, Andras	(2)	Indiana University
Briggs, Christian	(2)	Indiana University
Myers, Steven	(2)	Indiana University
Marshall, Paul	(2)	Indiana University
Kapidakis, Sarantos	(2)	Indiana University
Klas, Claus-Peter	(2)	Indiana University
Kriewel, Sascha	(2)	Indiana University
Kovacs, Laszlo	(2)	Indiana University
Jacob, Elin	(2)	Indiana University
Tsakonas, Giannis	(2)	Indiana University
Quagliara, Nick	(2)	Indiana University
Ramalingam, Shruti	(2)	Indiana University
Hasbrouck, Jay	(2)	Indiana University
Fantini, Sergio	(2)	Indiana University
Hanks, Kristin	(2)	Indiana University
Bhandari, Shruti	(2)	Indiana University
He, Li	(2)	Indiana University
Thompson, Tonya	(2)	Indiana University
Rege, Rajasee	(2)	Indiana University
Sassaroli, Angelo	(2)	Indiana University
Lee, Hee Rin	(2)	Indiana University
Nathan, Lisa	(2)	Indiana University
Mannheimer, Steve	(2)	Indiana University
Jones, Josette	(2)	Indiana University
Altieri, Youngsuk L.	(2)	Indiana University
Silberman, Six	(2)	Indiana University