name	count	institution
Carnegie Mellon	(0)	Carnegie Mellon
Georgia Tech	(0)	Georgia Tech
Microsoft Research	(0)	Microsoft Research
University of Washington, Seattle	(0)	University of Washington, Seattle
Stanford	(0)	Stanford
University of California, Irvine	(0)	University of California, Irvine
Eindhoven University of Technology	(0)	Eindhoven University of Technology
Nokia	(0)	Nokia
University College London	(0)	University College London
Indiana University	(0)	Indiana University
University of California, Berkeley	(0)	University of California, Berkeley
Lancaster University	(0)	Lancaster University
University of Maryland	(0)	University of Maryland
University of Glasgow	(0)	University of Glasgow
Pennsylvania State University	(0)	Pennsylvania State University
University of Toronto	(0)	University of Toronto
Virginia Tech 	(0)	Virginia Tech 
University Michigan Ann Arbor	(0)	University Michigan Ann Arbor
IBM Thomas J. Watson Research Center 	(0)	IBM Thomas J. Watson Research Center 
University of Nottingham	(0)	University of Nottingham
Forlizzi, Jodi	(60)	Carnegie Mellon
Myers, Brad A.	(43)	Carnegie Mellon
Hudson, Scott E.	(42)	Carnegie Mellon
Zimmerman, John	(41)	Carnegie Mellon
John, Bonnie E.	(39)	Carnegie Mellon
Paulos, Eric	(35)	Carnegie Mellon
Mankoff, Jennifer	(33)	Carnegie Mellon
Dey, Anind K.	(32)	Carnegie Mellon
Kiesler, Sara	(25)	Carnegie Mellon
Cranor, Lorrie Faith	(20)	Carnegie Mellon
Odom, William	(19)	Carnegie Mellon
Harrison, Chris	(18)	Carnegie Mellon
Fussell, Susan R.	(17)	Carnegie Mellon
Myers, Brad	(17)	Carnegie Mellon
Pierce, James	(17)	Carnegie Mellon
Kittur, Aniket	(16)	Carnegie Mellon
Kuznetsov, Stacey	(15)	Carnegie Mellon
Hong, Jason	(14)	Carnegie Mellon
Christel, Michael G.	(13)	Carnegie Mellon
Sadeh, Norman	(13)	Carnegie Mellon
Kraut, Robert E.	(13)	Carnegie Mellon
Poupyrev, Ivan	(13)	Carnegie Mellon
Aleven, Vincent	(13)	Carnegie Mellon
Lee, Min Kyung	(13)	Carnegie Mellon
Dabbish, Laura	(12)	Carnegie Mellon
Kraut, Robert	(12)	Carnegie Mellon
Hong, Jason I.	(11)	Carnegie Mellon
Ko, Andrew J.	(11)	Carnegie Mellon
Faste, Haakon	(11)	Carnegie Mellon
Wobbrock, Jacob O.	(10)	Carnegie Mellon
Yang, Jie	(10)	Carnegie Mellon
Koedinger, Kenneth R.	(10)	Carnegie Mellon
DiSalvo, Carl	(10)	Carnegie Mellon
Hurst, Amy	(9)	Carnegie Mellon
Kim, Sunyoung	(9)	Carnegie Mellon
Dow, Steven	(9)	Carnegie Mellon
von Ahn, Luis	(9)	Carnegie Mellon
Dey, Anind	(9)	Carnegie Mellon
Banks, Richard	(9)	Carnegie Mellon
Willis, Karl D.D.	(9)	Carnegie Mellon
Kelley, Patrick Gage	(9)	Carnegie Mellon
Steinfeld, Aaron	(8)	Carnegie Mellon
Kam, Matthew	(8)	Carnegie Mellon
Bhavnani, Suresh K.	(8)	Carnegie Mellon
Gross, Mark D.	(8)	Carnegie Mellon
John, Bonnie	(8)	Carnegie Mellon
Lim, Brian Y.	(8)	Carnegie Mellon
Wiese, Jason	(8)	Carnegie Mellon
Shaw, Mary	(7)	Carnegie Mellon
Kostakos, Vassilis	(7)	Carnegie Mellon
Kirk, David	(7)	Carnegie Mellon
Oakley, Ian	(7)	Carnegie Mellon
Mutlu, Bilge	(7)	Carnegie Mellon
Hsieh, Gary	(7)	Carnegie Mellon
Bass, Len	(7)	Carnegie Mellon
Scaffidi, Christopher	(7)	Carnegie Mellon
Li, Ian	(7)	Carnegie Mellon
Landay, James A.	(6)	Carnegie Mellon
Acquisti, Alessandro	(6)	Carnegie Mellon
Tomasic, Anthony	(6)	Carnegie Mellon
Pinkwart, Niels	(6)	Carnegie Mellon
André, Paul	(6)	Carnegie Mellon
Pausch, Randy	(5)	Carnegie Mellon
Jennings, Pamela	(5)	Carnegie Mellon
Burnett, Margaret M.	(5)	Carnegie Mellon
Nichols, Jeffrey	(5)	Carnegie Mellon
Ou, Jiazhi	(5)	Carnegie Mellon
Dabbish, Laura A.	(5)	Carnegie Mellon
Davidoff, Scott	(5)	Carnegie Mellon
Harper, Richard	(5)	Carnegie Mellon
Hudson, Scott	(5)	Carnegie Mellon
Bauer, Lujo	(5)	Carnegie Mellon
Gweon, Gahgene	(5)	Carnegie Mellon
Evenson, Shelley	(5)	Carnegie Mellon
Rosé, Carolyn Penstein	(5)	Carnegie Mellon
Lynch, Collin	(5)	Carnegie Mellon
Kumar, Anuj	(5)	Carnegie Mellon
Ashley, Kevin	(5)	Carnegie Mellon
Hayashi, Eiji	(5)	Carnegie Mellon
Komanduri, Saranga	(5)	Carnegie Mellon
Dillahunt, Tawanna	(5)	Carnegie Mellon
Lin, Jialiu	(5)	Carnegie Mellon
Mazurek, Michelle L.	(5)	Carnegie Mellon
Abowd, Gregory D.	(4)	Carnegie Mellon
Zhang, Hui	(4)	Carnegie Mellon
Wiedenbeck, Susan	(4)	Carnegie Mellon
Rosson, Mary Beth	(4)	Carnegie Mellon
Avrahami, Daniel	(4)	Carnegie Mellon
Hirsch, Tad	(4)	Carnegie Mellon
Fogarty, James	(4)	Carnegie Mellon
Christin, Nicolas	(4)	Carnegie Mellon
Trewin, Shari	(4)	Carnegie Mellon
Stylos, Jeffrey	(4)	Carnegie Mellon
Siewiorek, Daniel P.	(4)	Carnegie Mellon
Miller, Robert C.	(4)	Carnegie Mellon
Oh, Lui Min	(4)	Carnegie Mellon
Golden, Elspeth	(4)	Carnegie Mellon
Tang, Karen P.	(4)	Carnegie Mellon
Lee, Joonhwan	(4)	Carnegie Mellon
Salvucci, Dario D.	(4)	Carnegie Mellon
Abowd, Gregory D.	(34)	Georgia Tech
Grinter, Rebecca E.	(17)	Georgia Tech
Edwards, W. Keith	(16)	Georgia Tech
Mynatt, Elizabeth D.	(15)	Georgia Tech
Starner, Thad	(14)	Georgia Tech
Hayes, Gillian R.	(11)	Georgia Tech
MacIntyre, Blair	(10)	Georgia Tech
Chetty, Marshini	(10)	Georgia Tech
Yardi, Sarita	(10)	Georgia Tech
Poole, Erika Shehan	(10)	Georgia Tech
Wyche, Susan P.	(9)	Georgia Tech
Brajnik, Giorgio	(8)	Georgia Tech
Dow, Steven	(8)	Georgia Tech
Guzdial, Mark	(8)	Georgia Tech
Bruckman, Amy	(8)	Georgia Tech
Kientz, Julie A.	(8)	Georgia Tech
Yarosh, Svetlana	(8)	Georgia Tech
McCrickard, D. Scott	(7)	Georgia Tech
Druin, Allison	(7)	Georgia Tech
Abowd, Gregory	(7)	Georgia Tech
Dey, Anind K.	(7)	Georgia Tech
Iachello, Giovanni	(7)	Georgia Tech
Sellen, Abigail	(7)	Georgia Tech
Myers, Brad A.	(6)	Georgia Tech
Stasko, John	(6)	Georgia Tech
Harper, Simon	(6)	Georgia Tech
Clawson, James	(6)	Georgia Tech
Harper, Richard	(6)	Georgia Tech
Sengers, Phoebe	(6)	Georgia Tech
Tan, Desney	(6)	Georgia Tech
Le Dantec, Christopher A.	(6)	Georgia Tech
Rosson, Mary Beth	(5)	Georgia Tech
Yesilada, Yeliz	(5)	Georgia Tech
Mateas, Michael	(5)	Georgia Tech
Lyons, Kent	(5)	Georgia Tech
Taylor, Alex S.	(5)	Georgia Tech
Truong, Khai N.	(5)	Georgia Tech
Rogers, Wendy A.	(5)	Georgia Tech
Gilbert, Eric	(5)	Georgia Tech
Bardzell, Shaowen	(5)	Georgia Tech
Brewster, Stephen	(4)	Georgia Tech
Carroll, John M.	(4)	Georgia Tech
Markopoulos, Panos	(4)	Georgia Tech
Rodden, Tom	(4)	Georgia Tech
Hudson, Scott E.	(4)	Georgia Tech
Simon, Rainer	(4)	Georgia Tech
Dix, Alan	(4)	Georgia Tech
Schmidt, Albrecht	(4)	Georgia Tech
Benford, Steve	(4)	Georgia Tech
Brewster, Stephen A.	(4)	Georgia Tech
Grudin, Jonathan	(4)	Georgia Tech
Greenberg, Saul	(4)	Georgia Tech
Czerwinski, Mary	(4)	Georgia Tech
Patel, Shwetak N.	(4)	Georgia Tech
Bolter, Jay David	(4)	Georgia Tech
Mankoff, Jennifer	(4)	Georgia Tech
Romero, Mario	(4)	Georgia Tech
Consolvo, Sunny	(4)	Georgia Tech
Smith, Ian	(4)	Georgia Tech
Kam, Matthew	(4)	Georgia Tech
Bellotti, Victoria	(4)	Georgia Tech
Scott, James	(4)	Georgia Tech
DiSalvo, Carl	(4)	Georgia Tech
Do, Ellen Yi-Luen	(4)	Georgia Tech
Bardzell, Jeffrey	(4)	Georgia Tech
Miller, Andrew D.	(4)	Georgia Tech
Boring, Sebastian	(4)	Georgia Tech
Dimond, Jill P.	(4)	Georgia Tech
Shneiderman, Ben	(3)	Georgia Tech
Plaue, Christopher	(3)	Georgia Tech
Pérez-Quiñones, Manuel A.	(3)	Georgia Tech
Horvitz, Eric	(3)	Georgia Tech
Rode, Jennifer A.	(3)	Georgia Tech
Crabtree, Andy	(3)	Georgia Tech
Kaye, Joseph 'Jofish'	(3)	Georgia Tech
Igarashi, Takeo	(3)	Georgia Tech
Toyama, Kentaro	(3)	Georgia Tech
Mahajan, Ratul	(3)	Georgia Tech
Catrambone, Richard	(3)	Georgia Tech
Carpendale, Sheelagh	(3)	Georgia Tech
Catarci, Tiziana	(3)	Georgia Tech
Plaisant, Catherine	(3)	Georgia Tech
Höök, Kristina	(3)	Georgia Tech
Foley, James D.	(3)	Georgia Tech
Dourish, Paul	(3)	Georgia Tech
Bouchet, Jullien	(3)	Georgia Tech
Nigay, Laurence	(3)	Georgia Tech
Oulasvirta, Antti	(3)	Georgia Tech
Jacko, Julie A.	(3)	Georgia Tech
Riekki, Jukka	(3)	Georgia Tech
Izadi, Shahram	(3)	Georgia Tech
Ducheneaut, Nicolas	(3)	Georgia Tech
Swan, Laurel	(3)	Georgia Tech
Lin, Bin	(3)	Georgia Tech
Miller, Robert C.	(3)	Georgia Tech
Lee, Bongshin	(3)	Georgia Tech
Perry, Mark	(3)	Georgia Tech
Tscheligi, Manfred	(3)	Georgia Tech
Newman, Mark W.	(3)	Georgia Tech
Tang, Anthony	(3)	Georgia Tech
Grudin, Jonathan	(28)	Microsoft Research
Czerwinski, Mary	(28)	Microsoft Research
Horvitz, Eric	(22)	Microsoft Research
Hinckley, Ken	(19)	Microsoft Research
Tan, Desney	(19)	Microsoft Research
White, Ryen W.	(18)	Microsoft Research
Cutrell, Edward	(18)	Microsoft Research
Morris, Meredith Ringel	(18)	Microsoft Research
Teevan, Jaime	(18)	Microsoft Research
Benko, Hrvoje	(16)	Microsoft Research
Morris, Dan	(14)	Microsoft Research
Tan, Desney S.	(14)	Microsoft Research
Lee, Bongshin	(13)	Microsoft Research
Counts, Scott	(13)	Microsoft Research
Wilson, Andrew D.	(12)	Microsoft Research
Baudisch, Patrick	(10)	Microsoft Research
Paek, Tim	(10)	Microsoft Research
Robertson, George	(10)	Microsoft Research
Smith, Greg	(10)	Microsoft Research
Brush, A.J. Bernheim	(9)	Microsoft Research
Balakrishnan, Ravin	(7)	Microsoft Research
Dumais, Susan T.	(7)	Microsoft Research
Karlson, Amy K.	(7)	Microsoft Research
Drucker, Steven M.	(7)	Microsoft Research
Agrawala, Maneesh	(6)	Microsoft Research
Fisher, Danyel	(6)	Microsoft Research
Buxton, Bill	(6)	Microsoft Research
Iqbal, Shamsi T.	(6)	Microsoft Research
Inkpen, Kori	(6)	Microsoft Research
Brush, A. J. Bernheim	(6)	Microsoft Research
Meyers, Brian	(6)	Microsoft Research
Scott, James	(6)	Microsoft Research
Venolia, Gina	(6)	Microsoft Research
Inkpen, Kori M.	(5)	Microsoft Research
Sarin, Raman	(5)	Microsoft Research
Cao, Xiang	(5)	Microsoft Research
Saponas, T. Scott	(5)	Microsoft Research
Tunkelang, Daniel	(5)	Microsoft Research
Tang, John C.	(5)	Microsoft Research
Gulwani, Sumit	(5)	Microsoft Research
Sinclair, Mike	(5)	Microsoft Research
Kules, Bill	(5)	Microsoft Research
André, Paul	(5)	Microsoft Research
Capra, Robert	(5)	Microsoft Research
De Choudhury, Munmun	(5)	Microsoft Research
Robertson, George G.	(4)	Microsoft Research
Wobbrock, Jacob O.	(4)	Microsoft Research
Hutchings, Dugald Ralph	(4)	Microsoft Research
Toyama, Kentaro	(4)	Microsoft Research
Mahajan, Ratul	(4)	Microsoft Research
Thies, William	(4)	Microsoft Research
Wigdor, Daniel	(4)	Microsoft Research
Patel, Shwetak N.	(4)	Microsoft Research
Villar, Nicolas	(4)	Microsoft Research
Sellen, Abigail	(4)	Microsoft Research
Brush, A. J.	(4)	Microsoft Research
Zhang, Zhengyou	(4)	Microsoft Research
Smith, Catherine L.	(4)	Microsoft Research
Smith, Marc	(4)	Microsoft Research
schraefel, m.c.	(4)	Microsoft Research
Roseway, Asta	(4)	Microsoft Research
Banks, Richard	(4)	Microsoft Research
Monroy-Hernández, Andrés	(4)	Microsoft Research
Hoff, Aaron	(4)	Microsoft Research
Johns, Paul	(4)	Microsoft Research
Henry Riche, Nathalie	(4)	Microsoft Research
Czerwinski, Mary P.	(3)	Microsoft Research
Bederson, Benjamin B.	(3)	Microsoft Research
Stasko, John	(3)	Microsoft Research
Salesin, David	(3)	Microsoft Research
Dumais, Susan	(3)	Microsoft Research
Cohen, Michael	(3)	Microsoft Research
Jacobs, Charles	(3)	Microsoft Research
Golovchinsky, Gene	(3)	Microsoft Research
Marshall, Catherine C.	(3)	Microsoft Research
Ishii, Hiroshi	(3)	Microsoft Research
Drucker, Steven	(3)	Microsoft Research
Yuan, Junsong	(3)	Microsoft Research
Jung, Jaeyeon	(3)	Microsoft Research
Moscovich, Tomer	(3)	Microsoft Research
Izadi, Shahram	(3)	Microsoft Research
Shilman, Michael	(3)	Microsoft Research
Chetty, Marshini	(3)	Microsoft Research
Oliver, Nuria	(3)	Microsoft Research
Consolvo, Sunny	(3)	Microsoft Research
Guimbretiere, Francois	(3)	Microsoft Research
Ramos, Gonzalo	(3)	Microsoft Research
Jones, William	(3)	Microsoft Research
Farnham, Shelly	(3)	Microsoft Research
Neustaedter, Carman	(3)	Microsoft Research
Saroiu, Stefan	(3)	Microsoft Research
Krumm, John	(3)	Microsoft Research
Gupta, Anoop	(3)	Microsoft Research
Robbins, Daniel	(3)	Microsoft Research
Adar, Eytan	(3)	Microsoft Research
Rui, Yong	(3)	Microsoft Research
Donner, Jonathan	(3)	Microsoft Research
Robbins, Daniel C.	(3)	Microsoft Research
Egelman, Serge	(3)	Microsoft Research
Bragdon, Andrew	(3)	Microsoft Research
Wobbrock, Jacob O.	(35)	University of Washington, Seattle
Friedman, Batya	(20)	University of Washington, Seattle
Kientz, Julie A.	(17)	University of Washington, Seattle
Landay, James A.	(15)	University of Washington, Seattle
Patel, Shwetak N.	(14)	University of Washington, Seattle
Borriello, Gaetano	(13)	University of Washington, Seattle
Ko, Andrew J.	(13)	University of Washington, Seattle
Consolvo, Sunny	(13)	University of Washington, Seattle
Fogarty, James	(12)	University of Washington, Seattle
Borning, Alan	(11)	University of Washington, Seattle
Froehlich, Jon	(11)	University of Washington, Seattle
Findlater, Leah	(10)	University of Washington, Seattle
Jones, William	(10)	University of Washington, Seattle
McDonald, David W.	(9)	University of Washington, Seattle
Pratt, Wanda	(9)	University of Washington, Seattle
Myers, Brad A.	(8)	University of Washington, Seattle
Hendry, David G.	(8)	University of Washington, Seattle
Wobbrock, Jacob	(8)	University of Washington, Seattle
Nathan, Lisa P.	(8)	University of Washington, Seattle
Choe, Eun Kyoung	(8)	University of Washington, Seattle
Gupta, Sidhant	(8)	University of Washington, Seattle
Tan, Desney S.	(7)	University of Washington, Seattle
Kriplean, Travis	(7)	University of Washington, Seattle
Klasnja, Predrag	(7)	University of Washington, Seattle
Ladner, Richard E.	(6)	University of Washington, Seattle
Li, Yang	(6)	University of Washington, Seattle
Kolko, Beth	(6)	University of Washington, Seattle
Zachry, Mark	(6)	University of Washington, Seattle
Kane, Shaun K.	(6)	University of Washington, Seattle
Chilana, Parmit K.	(6)	University of Washington, Seattle
Woelfer, Jill Palzkill	(6)	University of Washington, Seattle
Harrison, Beverly	(5)	University of Washington, Seattle
Larson, Eric	(5)	University of Washington, Seattle
Shinohara, Kristen	(5)	University of Washington, Seattle
Lee, Charlotte P.	(5)	University of Washington, Seattle
Parikh, Tapan	(5)	University of Washington, Seattle
Patel, Shwetak	(5)	University of Washington, Seattle
Morgan, Jonathan T.	(5)	University of Washington, Seattle
Jansen, Alex	(5)	University of Washington, Seattle
Goel, Mayank	(5)	University of Washington, Seattle
Abowd, Gregory D.	(4)	University of Washington, Seattle
Cutrell, Edward	(4)	University of Washington, Seattle
Rosson, Mary Beth	(4)	University of Washington, Seattle
Liu, Alan L.	(4)	University of Washington, Seattle
Hirsch, Tad	(4)	University of Washington, Seattle
Brunette, Waylon	(4)	University of Washington, Seattle
Morris, Dan	(4)	University of Washington, Seattle
Guan, Zhiwei	(4)	University of Washington, Seattle
Blevis, Eli	(4)	University of Washington, Seattle
KahnJr., Peter H.	(4)	University of Washington, Seattle
Ramey, Judith	(4)	University of Washington, Seattle
Landay, James	(4)	University of Washington, Seattle
Anokwa, Yaw	(4)	University of Washington, Seattle
Jayant, Chandrika	(4)	University of Washington, Seattle
Thayer, Alexander	(4)	University of Washington, Seattle
Ostergren, Marilyn	(4)	University of Washington, Seattle
Popovic, Zoran	(4)	University of Washington, Seattle
Yoo, Daisy	(4)	University of Washington, Seattle
Watson, Nathaniel F.	(4)	University of Washington, Seattle
Cohn, Gabe	(4)	University of Washington, Seattle
Aragon, Cecilia	(4)	University of Washington, Seattle
McDonald, David	(3)	University of Washington, Seattle
Weld, Daniel S.	(3)	University of Washington, Seattle
Wiedenbeck, Susan	(3)	University of Washington, Seattle
Hong, Jason I.	(3)	University of Washington, Seattle
Avrahami, Daniel	(3)	University of Washington, Seattle
Hudson, Scott E.	(3)	University of Washington, Seattle
Lin, James	(3)	University of Washington, Seattle
Toyama, Kentaro	(3)	University of Washington, Seattle
Balakrishnan, Ravin	(3)	University of Washington, Seattle
Bietz, Matthew J.	(3)	University of Washington, Seattle
Harada, Susumu	(3)	University of Washington, Seattle
Grossman, Tovi	(3)	University of Washington, Seattle
Mankoff, Jennifer	(3)	University of Washington, Seattle
McCarthy, Joseph F.	(3)	University of Washington, Seattle
Morris, Meredith Ringel	(3)	University of Washington, Seattle
Ackerman, Mark S.	(3)	University of Washington, Seattle
Burnett, Margaret M.	(3)	University of Washington, Seattle
Davis, Janet	(3)	University of Washington, Seattle
Miller, Robert C.	(3)	University of Washington, Seattle
LaMarca, Anthony	(3)	University of Washington, Seattle
Smith, Ian	(3)	University of Washington, Seattle
Cuddihy, Elisabeth	(3)	University of Washington, Seattle
Teevan, Jaime	(3)	University of Washington, Seattle
Patel, Kayur	(3)	University of Washington, Seattle
Bernstein, Michael	(3)	University of Washington, Seattle
DiSalvo, Carl	(3)	University of Washington, Seattle
Chen, Mike Y.	(3)	University of Washington, Seattle
DeRenzi, Brian	(3)	University of Washington, Seattle
Hile, Harlan	(3)	University of Washington, Seattle
Freier, Nathan G.	(3)	University of Washington, Seattle
Dixon, Morgan	(3)	University of Washington, Seattle
André, Paul	(3)	University of Washington, Seattle
Huh, Jina	(3)	University of Washington, Seattle
Kolko, Beth E.	(3)	University of Washington, Seattle
Andersen, Erik	(3)	University of Washington, Seattle
Gill, Brian	(3)	University of Washington, Seattle
Ruckert, Jolina H.	(3)	University of Washington, Seattle
Skeels, Meredith	(3)	University of Washington, Seattle
Reynolds, Matthew S.	(3)	University of Washington, Seattle
Klemmer, Scott R.	(31)	Stanford
Nass, Clifford	(26)	Stanford
Winograd, Terry	(26)	Stanford
Heer, Jeffrey	(19)	Stanford
Klemmer, Scott	(13)	Stanford
Hartmann, Björn	(12)	Stanford
Paepcke, Andreas	(10)	Stanford
Dow, Steven	(8)	Stanford
Morris, Meredith Ringel	(8)	Stanford
Takayama, Leila	(8)	Stanford
Moraveji, Neema	(7)	Stanford
Jonsson, Ing-Marie	(7)	Stanford
Bailenson, Jeremy N.	(7)	Stanford
Ju, Wendy	(6)	Stanford
Kumar, Manu	(6)	Stanford
Lee, Brian	(6)	Stanford
Cheng, Justin	(6)	Stanford
Shneiderman, Ben	(5)	Stanford
Hanrahan, Pat	(5)	Stanford
Shen, Chia	(5)	Stanford
Bernstein, Michael	(5)	Stanford
Hinds, Pamela	(5)	Stanford
Guo, Philip J.	(5)	Stanford
Brandt, Joel	(5)	Stanford
Wu, Leslie	(5)	Stanford
Kumar, Ranjitha	(5)	Stanford
Garcia-Molina, Hector	(4)	Stanford
Hu, Jiang	(4)	Stanford
Fogg, B. J.	(4)	Stanford
Blikstein, Paulo	(4)	Stanford
Wang, QianYing	(4)	Stanford
Schiano, Diane J.	(4)	Stanford
Forlines, Clifton	(4)	Stanford
Card, Stuart	(4)	Stanford
Friedman, Batya	(4)	Stanford
Maulsby, David	(4)	Stanford
Latulipe, Celine	(4)	Stanford
Puerta, Angel R.	(4)	Stanford
Fogg, BJ	(4)	Stanford
Maldonado, Heidy	(4)	Stanford
Aghajan, Hamid	(4)	Stanford
Yee, Nick	(4)	Stanford
Ames, Morgan G.	(4)	Stanford
Bernstein, Michael S.	(4)	Stanford
Rosner, Daniela K.	(4)	Stanford
Kulkarni, Anand	(4)	Stanford
Cirimele, Jesse	(4)	Stanford
Hellerstein, Joseph M.	(3)	Stanford
Spasojevic, Mirjana	(3)	Stanford
Kaye, Joseph 'Jofish'	(3)	Stanford
Lee, Kwan Min	(3)	Stanford
Cosley, Dan	(3)	Stanford
Blascovich, Jim	(3)	Stanford
Ryall, Kathy	(3)	Stanford
Akers, David	(3)	Stanford
Hourcade, Juan Pablo	(3)	Stanford
Hayes-Roth, Barbara	(3)	Stanford
Zhao, Chen	(3)	Stanford
Rao, Shailendra	(3)	Stanford
Verplank, Bill	(3)	Stanford
Klingner, Jeff	(3)	Stanford
Jones, Christian Martyn	(3)	Stanford
Jurafsky, Dan	(3)	Stanford
Talton, Jerry O.	(3)	Stanford
Robles, Erica	(3)	Stanford
Sukumaran, Abhay	(3)	Stanford
Brzozowski, Mike	(3)	Stanford
Hurlbutt, Tom	(3)	Stanford
Eckles, Dean	(3)	Stanford
Lewenstein, Joel	(3)	Stanford
Kandel, Sean	(3)	Stanford
Lottridge, Danielle	(3)	Stanford
Follmer, Sean	(3)	Stanford
Groom, Victoria	(3)	Stanford
Carroll, Erin A.	(3)	Stanford
Nowak, Michael	(3)	Stanford
Marshall, Jonathan	(3)	Stanford
Ranganath, Rajesh	(3)	Stanford
Schneider, Bertrand	(3)	Stanford
Bostock, Michael	(3)	Stanford
Kulkarni, Chinmay	(3)	Stanford
Chu, Larry	(3)	Stanford
Harrison, Kyle	(3)	Stanford
Rangnekar, Akshay	(3)	Stanford
Ringel, Meredith	(3)	Stanford
Jeffries, Robin	(2)	Stanford
Agrawala, Maneesh	(2)	Stanford
Ward, Wayne	(2)	Stanford
Shrager, Jeff	(2)	Stanford
Fox, Armando	(2)	Stanford
Neumann, Ulrich	(2)	Stanford
Zajicek, Mary	(2)	Stanford
Naaman, Mor	(2)	Stanford
Manning, Christopher D.	(2)	Stanford
McKeown, Nick	(2)	Stanford
Lewis, J. P.	(2)	Stanford
Turk, Matthew	(2)	Stanford
Erol, Berna	(2)	Stanford
Vaikuntanathan, Vinod	(2)	Stanford
Mateas, Michael	(2)	Stanford
Dourish, Paul	(52)	University of California, Irvine
Hayes, Gillian R.	(25)	University of California, Irvine
Tomlinson, Bill	(20)	University of California, Irvine
Mark, Gloria	(18)	University of California, Irvine
Nardi, Bonnie	(17)	University of California, Irvine
Kobsa, Alfred	(14)	University of California, Irvine
Sambasivan, Nithya	(13)	University of California, Irvine
Chen, Yunan	(12)	University of California, Irvine
Lindtner, Silvia	(10)	University of California, Irvine
Williams, Amanda	(9)	University of California, Irvine
Redmiles, David	(8)	University of California, Irvine
Patterson, Donald J.	(8)	University of California, Irvine
Irani, Lilly	(8)	University of California, Irvine
Redmiles, David F.	(8)	University of California, Irvine
Su, Norman Makoto	(8)	University of California, Irvine
Park, Sun Young	(8)	University of California, Irvine
Sengers, Phoebe	(7)	University of California, Irvine
Nguyen, David H.	(6)	University of California, Irvine
Patil, Sameer	(6)	University of California, Irvine
Blevis, Eli	(6)	University of California, Irvine
Vertesi, Janet	(6)	University of California, Irvine
Mazmanian, Melissa	(6)	University of California, Irvine
van der Hoek, André	(5)	University of California, Irvine
Al-Ani, Ban	(5)	University of California, Irvine
Grinter, Rebecca E.	(5)	University of California, Irvine
Anderson, Ken	(5)	University of California, Irvine
Kellogg, Wendy A.	(5)	University of California, Irvine
Ross, Joel	(5)	University of California, Irvine
Shih, Patrick C.	(5)	University of California, Irvine
Hirano, Sen H.	(5)	University of California, Irvine
Silberman, M. Six	(5)	University of California, Irvine
Brubaker, Jed R.	(5)	University of California, Irvine
Richardson, Debra J.	(4)	University of California, Irvine
Tsudik, Gene	(4)	University of California, Irvine
Rode, Jennifer A.	(4)	University of California, Irvine
Toyama, Kentaro	(4)	University of California, Irvine
Wang, Yang	(4)	University of California, Irvine
Ackerman, Mark S.	(4)	University of California, Irvine
Yau, Man Lok	(4)	University of California, Irvine
Shklovski, Irina	(4)	University of California, Irvine
Brewer, Johanna	(4)	University of California, Irvine
Ding, Xianghua	(4)	University of California, Irvine
Olson, Gary M.	(4)	University of California, Irvine
Baumer, Eric	(4)	University of California, Irvine
Lee, Charlotte P.	(4)	University of California, Irvine
Mainwaring, Scott	(4)	University of California, Irvine
Lee, Francis	(4)	University of California, Irvine
Page, Xinru	(4)	University of California, Irvine
Knijnenburg, Bart P.	(4)	University of California, Irvine
Pan, Yue	(3)	University of California, Irvine
Cutrell, Edward	(3)	University of California, Irvine
Kay, David G.	(3)	University of California, Irvine
Jain, Ramesh	(3)	University of California, Irvine
de Souza, Cleidson R. B.	(3)	University of California, Irvine
Erickson, Thomas	(3)	University of California, Irvine
Grudin, Jonathan	(3)	University of California, Irvine
Bietz, Matthew J.	(3)	University of California, Irvine
Hilbert, David M.	(3)	University of California, Irvine
Sim, Susan Elliott	(3)	University of California, Irvine
Mainwaring, Scott D.	(3)	University of California, Irvine
Boehner, Kirsten	(3)	University of California, Irvine
Palen, Leysia	(3)	University of California, Irvine
Light, Ann	(3)	University of California, Irvine
Rode, Jennifer	(3)	University of California, Irvine
Cutrell, Ed	(3)	University of California, Irvine
Diallo, Mamadou H.	(3)	University of California, Irvine
Tang, Charlotte	(3)	University of California, Irvine
Cervantes, Ruy	(3)	University of California, Irvine
Rangaswamy, Nimmi	(3)	University of California, Irvine
Semaan, Bryan	(3)	University of California, Irvine
Irani, Lilly C.	(3)	University of California, Irvine
Marcu, Gabriela	(3)	University of California, Irvine
Silberman, Six	(3)	University of California, Irvine
Patterson, Donald	(3)	University of California, Irvine
Robbins, Jason E.	(3)	University of California, Irvine
Wright, Charles E.	(3)	University of California, Irvine
Abowd, Gregory D.	(2)	University of California, Irvine
Venkatasubramanian, Nalini	(2)	University of California, Irvine
Mehrotra, Sharad	(2)	University of California, Irvine
Wright, Peter	(2)	University of California, Irvine
Isomursu, Minna	(2)	University of California, Irvine
DePaula, Rogério	(2)	University of California, Irvine
Blackwell, Alan F.	(2)	University of California, Irvine
Kaye, Joseph 'Jofish'	(2)	University of California, Irvine
Thomas, John C.	(2)	University of California, Irvine
Voida, Stephen	(2)	University of California, Irvine
Patterson, John	(2)	University of California, Irvine
Cheng, Li-Te	(2)	University of California, Irvine
Lorenz, David H.	(2)	University of California, Irvine
Mankoff, Jennifer	(2)	University of California, Irvine
Millen, David	(2)	University of California, Irvine
Hore, Bijit	(2)	University of California, Irvine
Nardi, Bonnie A.	(2)	University of California, Irvine
Ye, Yunwen	(2)	University of California, Irvine
Lopes, Cristina Videira	(2)	University of California, Irvine
Truong, Khai N.	(2)	University of California, Irvine
Xu, Heng	(2)	University of California, Irvine
Brdiczka, Oliver	(2)	University of California, Irvine
Mäntyjärvi, Jani	(2)	University of California, Irvine
Häkkilä, Jonna	(2)	University of California, Irvine
Markopoulos, Panos	(41)	Eindhoven University of Technology
Martens, Jean-Bernard	(23)	Eindhoven University of Technology
van den Hoven, Elise	(22)	Eindhoven University of Technology
Hummels, Caroline	(14)	Eindhoven University of Technology
Aliakseyeu, Dzmitry	(13)	Eindhoven University of Technology
Eggen, Berry	(12)	Eindhoven University of Technology
Lucero, Andrés	(11)	Eindhoven University of Technology
Bartneck, Christoph	(10)	Eindhoven University of Technology
Overbeeke, Kees	(9)	Eindhoven University of Technology
Bekker, Tilde	(9)	Eindhoven University of Technology
Rauterberg, Matthias	(8)	Eindhoven University of Technology
Bakker, Saskia	(8)	Eindhoven University of Technology
Al Mahmud, Abdullah	(8)	Eindhoven University of Technology
Wensveen, Stephan	(7)	Eindhoven University of Technology
Hu, Jun	(7)	Eindhoven University of Technology
Mubin, Omar	(7)	Eindhoven University of Technology
Karapanos, Evangelos	(7)	Eindhoven University of Technology
Khan, Vassilis-Javed	(7)	Eindhoven University of Technology
Antle, Alissa N.	(6)	Eindhoven University of Technology
Soute, Iris	(6)	Eindhoven University of Technology
Shahid, Suleman	(6)	Eindhoven University of Technology
Subramanian, Sriram	(5)	Eindhoven University of Technology
de Ruyter, Boris	(5)	Eindhoven University of Technology
Terken, Jacques	(5)	Eindhoven University of Technology
Iqbal, Rahat	(5)	Eindhoven University of Technology
Barendregt, Wolmet	(5)	Eindhoven University of Technology
Kaptein, Maurits	(5)	Eindhoven University of Technology
Hassenzahl, Marc	(4)	Eindhoven University of Technology
Tscheligi, Manfred	(4)	Eindhoven University of Technology
Meerbeek, Bernt	(4)	Eindhoven University of Technology
Bekker, Mathilde M.	(4)	Eindhoven University of Technology
Read, Janet C.	(4)	Eindhoven University of Technology
Meesters, Lydia	(4)	Eindhoven University of Technology
Ijsselsteijn, Wijnand	(4)	Eindhoven University of Technology
Golsteijn, Connie	(4)	Eindhoven University of Technology
Druin, Allison	(3)	Eindhoven University of Technology
Qi, Wen	(3)	Eindhoven University of Technology
Amft, Oliver	(3)	Eindhoven University of Technology
Feijs, Loe	(3)	Eindhoven University of Technology
De Bra, Paul	(3)	Eindhoven University of Technology
Van den Ende, Nele	(3)	Eindhoven University of Technology
Hooper, Clare J.	(3)	Eindhoven University of Technology
Sturm, Janienke	(3)	Eindhoven University of Technology
Romero, Natalia	(3)	Eindhoven University of Technology
Marshall, Paul	(3)	Eindhoven University of Technology
Frohlich, David	(3)	Eindhoven University of Technology
IJsselsteijn, Wijnand A.	(3)	Eindhoven University of Technology
Zaman, Bieke	(3)	Eindhoven University of Technology
Hengeveld, Bart	(3)	Eindhoven University of Technology
van Balkom, Hans	(3)	Eindhoven University of Technology
de Moor, Jan	(3)	Eindhoven University of Technology
Voort, Riny	(3)	Eindhoven University of Technology
Hoonhout, Jettie	(3)	Eindhoven University of Technology
Bouwhuis, Don G.	(3)	Eindhoven University of Technology
Yarosh, Svetlana	(3)	Eindhoven University of Technology
De Ruyter, Boris	(3)	Eindhoven University of Technology
Hoven, Elise	(3)	Eindhoven University of Technology
Vanden Abeele, Vero	(3)	Eindhoven University of Technology
Van Den Hoven, Elise	(3)	Eindhoven University of Technology
Stienstra, Jelle	(3)	Eindhoven University of Technology
Szostak, Dalila	(3)	Eindhoven University of Technology
van Essen, Harm	(3)	Eindhoven University of Technology
Offermans, Serge	(3)	Eindhoven University of Technology
Trotto, Ambra	(3)	Eindhoven University of Technology
Egger, Florian N.	(3)	Eindhoven University of Technology
Gutwin, Carl	(2)	Eindhoven University of Technology
Markopoulos, P.	(2)	Eindhoven University of Technology
Marti, Patrizia	(2)	Eindhoven University of Technology
Li, Ying	(2)	Eindhoven University of Technology
Forlizzi, Jodi	(2)	Eindhoven University of Technology
Overbeeke, C. J.	(2)	Eindhoven University of Technology
Djajadiningrat, Tom	(2)	Eindhoven University of Technology
Serebrenik, Alexander	(2)	Eindhoven University of Technology
Martens, J. B. O. S.	(2)	Eindhoven University of Technology
Baauw, Ester	(2)	Eindhoven University of Technology
Lyons, Michael J.	(2)	Eindhoven University of Technology
Frens, Joep	(2)	Eindhoven University of Technology
Liu, Hao	(2)	Eindhoven University of Technology
Mattelmäki, Tuuli	(2)	Eindhoven University of Technology
van Liere, Robert	(2)	Eindhoven University of Technology
Hourcade, Juan Pablo	(2)	Eindhoven University of Technology
Aroyo, Lora	(2)	Eindhoven University of Technology
Nacenta, Miguel A.	(2)	Eindhoven University of Technology
Alonso, Miguel Bruns	(2)	Eindhoven University of Technology
Bernhaupt, Regina	(2)	Eindhoven University of Technology
Sellen, Abigail	(2)	Eindhoven University of Technology
James, Anne	(2)	Eindhoven University of Technology
Swerts, Marc	(2)	Eindhoven University of Technology
Gatward, Richard	(2)	Eindhoven University of Technology
Hollemans, Gerard	(2)	Eindhoven University of Technology
Haans, Antal	(2)	Eindhoven University of Technology
IJsselsteijn, Wijnand	(2)	Eindhoven University of Technology
Lu, Yuan	(2)	Eindhoven University of Technology
Stash, Natalia	(2)	Eindhoven University of Technology
Jochems, Wim	(2)	Eindhoven University of Technology
Smits, David	(2)	Eindhoven University of Technology
Mazalek, Ali	(2)	Eindhoven University of Technology
Bekker, M. M.	(2)	Eindhoven University of Technology
van de Garde-Perik, Evelien	(2)	Eindhoven University of Technology
Vorstenbosch, Debby	(2)	Eindhoven University of Technology
Häkkilä, Jonna	(37)	Nokia
Lucero, Andrés	(21)	Nokia
Väänänen-Vainio-Mattila, Kaisa	(19)	Nokia
Liu, Ying	(14)	Nokia
Roto, Virpi	(12)	Nokia
Korhonen, Hannu	(12)	Nokia
Mäntyjärvi, Jani	(11)	Nokia
Reponen, Erika	(11)	Nokia
Jokela, Tero	(11)	Nokia
Wang, Kongqiao	(10)	Nokia
Kildal, Johan	(9)	Nokia
Lantz, Vuokko	(8)	Nokia
Wang, Xia	(8)	Nokia
Blom, Jan	(7)	Nokia
Isomursu, Minna	(7)	Nokia
Schmidt, Albrecht	(7)	Nokia
Holopainen, Jussi	(7)	Nokia
Spasojevic, Mirjana	(6)	Nokia
Oulasvirta, Antti	(6)	Nokia
Olsson, Thomas	(6)	Nokia
Boberg, Marion	(6)	Nokia
Chen, Xiang	(5)	Nokia
Cui, Yanqing	(5)	Nokia
Huuskonen, Pertti	(5)	Nokia
Arrasvuori, Juha	(5)	Nokia
Setlur, Vidya	(5)	Nokia
Mäkelä, Kaj	(5)	Nokia
Huhtala, Jussi	(5)	Nokia
Karukka, Minna	(5)	Nokia
Puikkonen, Arto	(5)	Nokia
Prata, Wilson	(5)	Nokia
Aaltonen, Viljakaisa	(5)	Nokia
Tian, Feng	(4)	Nokia
Kaye, Joseph 'Jofish'	(4)	Nokia
Raisamo, Roope	(4)	Nokia
Zhang, Xu	(4)	Nokia
Juhlin, Oskar	(4)	Nokia
Rukzio, Enrico	(4)	Nokia
Holleis, Paul	(4)	Nokia
Kaikkonen, Anne	(4)	Nokia
Mihalic, Kristijan	(4)	Nokia
Holm, Jukka	(4)	Nokia
Montola, Markus	(4)	Nokia
Rantala, Jussi	(4)	Nokia
Ahtinen, Aino	(4)	Nokia
Lehtiniemi, Arto	(4)	Nokia
Vetek, Akos	(4)	Nokia
Paasovaara, Susanna	(4)	Nokia
Ahmaniemi, Teemu	(4)	Nokia
Ventä, Leena	(4)	Nokia
Suhonen, Katja	(4)	Nokia
Keränen, Jaakko	(4)	Nokia
Kauko, Jarmo	(4)	Nokia
Sarjanoja, Ari-Heikki	(4)	Nokia
Åkerman, Panu	(4)	Nokia
Valle, Thiago	(4)	Nokia
Wang, Wei	(3)	Nokia
Wang, Hao	(3)	Nokia
Billinghurst, Mark	(3)	Nokia
Hassenzahl, Marc	(3)	Nokia
Jacucci, Giulio	(3)	Nokia
Kaaresoja, Topi	(3)	Nokia
Liu, Ning	(3)	Nokia
Aliakseyeu, Dzmitry	(3)	Nokia
Dai, Guozhong	(3)	Nokia
Lehikoinen, Jaakko	(3)	Nokia
Chipchase, Jan	(3)	Nokia
Lehikoinen, Juha	(3)	Nokia
Ketola, Pekka	(3)	Nokia
Aaltonen, Antti	(3)	Nokia
Lehikoinen, Jaakko T.	(3)	Nokia
Ledlie, Jonathan	(3)	Nokia
Wang, Hongan	(3)	Nokia
Sohn, Timothy	(3)	Nokia
Obrist, Marianna	(3)	Nokia
Dicke, Christina	(3)	Nokia
Lemmelä, Saija	(3)	Nokia
Go, Janet	(3)	Nokia
Koponen, Tiina	(3)	Nokia
Paldanius, Mikko	(3)	Nokia
Feijó Filho, Jackson	(3)	Nokia
Surakka, Veikko	(2)	Nokia
Saari, Timo	(2)	Nokia
Jones, Matt	(2)	Nokia
Schrader, Martin	(2)	Nokia
Wang, Jie	(2)	Nokia
Liu, Jun	(2)	Nokia
Boda, Péter Pál	(2)	Nokia
Law, Effie Lai-Chong	(2)	Nokia
Kujala, Sari	(2)	Nokia
Linjama, Jukka	(2)	Nokia
Jokela, Timo	(2)	Nokia
Lyons, Kent	(2)	Nokia
Subramanian, Sriram	(2)	Nokia
Kirk, David	(2)	Nokia
Li, Hui	(2)	Nokia
Korpipää, Panu	(2)	Nokia
Arhippainen, Leena	(2)	Nokia
Tscheligi, Manfred	(2)	Nokia
Jung, Younghee	(2)	Nokia
Blandford, Ann	(49)	University College London
Sasse, M. Angela	(27)	University College London
Rogers, Yvonne	(17)	University College London
Cairns, Paul	(17)	University College London
Cox, Anna L.	(15)	University College London
Steed, Anthony	(13)	University College London
Thimbleby, Harold	(12)	University College London
Furniss, Dominic	(10)	University College London
Back, Jonathan	(10)	University College London
Adams, Anne	(9)	University College London
Long, John	(9)	University College London
Bird, Jon	(8)	University College London
Curzon, Paul	(8)	University College London
McCarthy, John D.	(7)	University College London
Bianchi-Berthouze, Nadia	(7)	University College London
Marshall, Paul	(7)	University College London
Gow, Jeremy	(7)	University College London
Makri, Stephann	(7)	University College London
Buchanan, George	(6)	University College London
Riegelsberger, Jens	(6)	University College London
Brumby, Duncan P.	(6)	University College London
Newman, William	(5)	University College London
Warwick, Claire	(5)	University College London
Jennett, Charlene	(5)	University College London
Rode, Jennifer A.	(4)	University College London
Rimmer, Jon	(4)	University College London
Brostoff, Sacha	(4)	University College London
Benedyk, Rachel	(4)	University College London
Sasse, Martina Angela	(4)	University College London
Beeharee, Ashweeni	(4)	University College London
Inglesant, Philip	(4)	University College London
Cox, Anna	(4)	University College London
Slater, Mel	(3)	University College London
Roussou, Maria	(3)	University College London
Rodden, Tom	(3)	University College London
Attfield, Simon	(3)	University College London
Laney, Robin	(3)	University College London
Knoche, Hendrik	(3)	University College London
Hill, Becky	(3)	University College London
Bonhard, Philip	(3)	University College London
Martin, Karen	(3)	University College London
Flechais, Ivan	(3)	University College London
Faisal, Sarah	(3)	University College London
Galis, Alex	(3)	University College London
Dowell, John	(3)	University College London
Calvillo Gámez, Eduardo H.	(3)	University College London
Jetter, Hans-Christian	(3)	University College London
Pan, Xueni	(3)	University College London
Steptoe, William	(3)	University College London
Connell, Iain	(3)	University College London
Laqua, Sven	(3)	University College London
Cummaford, Steve	(3)	University College London
Johnson, Rose	(3)	University College London
Harrison, Daniel	(3)	University College London
Stawarz, Katarzyna	(3)	University College London
Haklay, Muki	(3)	University College London
Fatah gen. Schieck, Ava	(3)	University College London
Wilson, Gillian M.	(3)	University College London
Bolchini, Davide	(2)	University College London
Paolini, Paolo	(2)	University College London
Milic-Frayling, Natasa	(2)	University College London
Baurley, Sharon	(2)	University College London
Jones, Matt	(2)	University College London
Koleva, Boriana	(2)	University College London
Walker, Brendan	(2)	University College London
Pennington, Sarah	(2)	University College London
Sutcliffe, Alistair	(2)	University College London
Schmidt, Albrecht	(2)	University College London
Benford, Steve	(2)	University College London
Garzotto, Franca	(2)	University College London
Craft, Brock	(2)	University College London
Chantler, Mike	(2)	University College London
Dourish, Paul	(2)	University College London
Oshlyansky, Lidia	(2)	University College London
John, Bonnie E.	(2)	University College London
Wolff, Robin	(2)	University College London
Wong, B. L. William	(2)	University College London
Butterworth, Richard	(2)	University College London
Cairns, Paul A.	(2)	University College London
Schnädelbach, Holger	(2)	University College London
Connelly, Kay	(2)	University College London
Shawe-Taylor, John	(2)	University College London
Loscos, Celine	(2)	University College London
Sasse, Angela	(2)	University College London
Penn, Alan	(2)	University College London
Harries, Clare	(2)	University College London
Toscos, Tammy	(2)	University College London
Cheng, Tao	(2)	University College London
Mentis, Helena	(2)	University College London
Todd, Chris	(2)	University College London
Ocampo, Roel	(2)	University College London
Knoche, Hendrik O.	(2)	University College London
Fields, Bob	(2)	University College London
Keith, Suzette	(2)	University College London
Marquardt, Nicolai	(2)	University College London
Curzon, P.	(2)	University College London
Rukšėnas, R.	(2)	University College London
Blandford, A.	(2)	University College London
Yuill, Nicola	(2)	University College London
Edwards, Helen	(2)	University College London
Bardzell, Shaowen	(45)	Indiana University
Bardzell, Jeffrey	(41)	Indiana University
Blevis, Eli	(38)	Indiana University
Stolterman, Erik	(32)	Indiana University
Rogers, Yvonne	(14)	Indiana University
Pace, Tyler	(14)	Indiana University
Pan, Yue	(12)	Indiana University
Jung, Heekyoung	(12)	Indiana University
Lim, Youn-Kyung	(8)	Indiana University
Connelly, Kay	(8)	Indiana University
Roedl, David	(8)	Indiana University
Odom, William	(8)	Indiana University
Pierce, James	(8)	Indiana University
Gross, Shad	(8)	Indiana University
Bolchini, Davide	(7)	Indiana University
Hazlewood, William R.	(7)	Indiana University
Tomlinson, Bill	(6)	Indiana University
Sengers, Phoebe	(6)	Indiana University
Makice, Kevin	(5)	Indiana University
Toscos, Tammy	(5)	Indiana University
Lim, Youn-kyung	(5)	Indiana University
Caine, Kelly	(5)	Indiana University
Kannabiran, Gopinaath	(5)	Indiana University
Forlizzi, Jodi	(4)	Indiana University
Aneja, Shweta	(4)	Indiana University
Donaldson, Justin	(4)	Indiana University
Siek, Katie A.	(4)	Indiana University
Connelly, Kay H.	(4)	Indiana University
Busse, Daniela	(4)	Indiana University
Merritt, Samantha	(4)	Indiana University
Huang, Chung-Ching	(4)	Indiana University
Jakobsson, Markus	(3)	Indiana University
Fitzpatrick, Geraldine	(3)	Indiana University
Thomas, John C.	(3)	Indiana University
Scheutz, Matthias	(3)	Indiana University
Faiola, Anthony	(3)	Indiana University
Churchill, Elizabeth	(3)	Indiana University
Kapadia, Apu	(3)	Indiana University
Ozakca, Muzaffer	(3)	Indiana University
Weldon, Matt	(3)	Indiana University
Schermerhorn, Paul	(3)	Indiana University
Wakkary, Ron	(3)	Indiana University
Mann, Samuel	(3)	Indiana University
Thomas, John	(3)	Indiana University
DiSalvo, Carl	(3)	Indiana University
Beck, Christian	(3)	Indiana University
Busse, Daniela K.	(3)	Indiana University
Ashok, Arvind	(3)	Indiana University
Nathan, Lisa P.	(3)	Indiana University
Blevis, Shunying	(3)	Indiana University
Ferati, Mexhid	(3)	Indiana University
Toombs, Austin	(3)	Indiana University
Churchill, Elizabeth F.	(2)	Indiana University
Rodden, Tom	(2)	Indiana University
Blythe, Mark	(2)	Indiana University
Papatheodorou, Christos	(2)	Indiana University
Groth, Dennis P.	(2)	Indiana University
Camp, L. Jean	(2)	Indiana University
Yang, Tao	(2)	Indiana University
Khan, Azam	(2)	Indiana University
Nardi, Bonnie	(2)	Indiana University
Hansen, Preben	(2)	Indiana University
Beckwith, Richard	(2)	Indiana University
Albrechtsen, Hanne	(2)	Indiana University
Patterson, Donald J.	(2)	Indiana University
Fuhr, Norbert	(2)	Indiana University
Dillon, Andrew	(2)	Indiana University
Patil, Sameer	(2)	Indiana University
Zimmerman, John	(2)	Indiana University
Friedman, Batya	(2)	Indiana University
Pangam, Apurva	(2)	Indiana University
Ryan, William	(2)	Indiana University
Börner, Katy	(2)	Indiana University
Bruckman, Amy	(2)	Indiana University
Micsik, Andras	(2)	Indiana University
Briggs, Christian	(2)	Indiana University
Myers, Steven	(2)	Indiana University
Marshall, Paul	(2)	Indiana University
Kapidakis, Sarantos	(2)	Indiana University
Klas, Claus-Peter	(2)	Indiana University
Kriewel, Sascha	(2)	Indiana University
Kovacs, Laszlo	(2)	Indiana University
Jacob, Elin	(2)	Indiana University
Tsakonas, Giannis	(2)	Indiana University
Quagliara, Nick	(2)	Indiana University
Ramalingam, Shruti	(2)	Indiana University
Hasbrouck, Jay	(2)	Indiana University
Fantini, Sergio	(2)	Indiana University
Hanks, Kristin	(2)	Indiana University
Bhandari, Shruti	(2)	Indiana University
He, Li	(2)	Indiana University
Thompson, Tonya	(2)	Indiana University
Rege, Rajasee	(2)	Indiana University
Sassaroli, Angelo	(2)	Indiana University
Lee, Hee Rin	(2)	Indiana University
Nathan, Lisa	(2)	Indiana University
Mannheimer, Steve	(2)	Indiana University
Jones, Josette	(2)	Indiana University
Altieri, Youngsuk L.	(2)	Indiana University
Silberman, Six	(2)	Indiana University
Canny, John	(19)	University of California, Berkeley
Hartmann, Björn	(16)	University of California, Berkeley
Davis, Marc	(12)	University of California, Berkeley
Kam, Matthew	(12)	University of California, Berkeley
Toyama, Kentaro	(11)	University of California, Berkeley
Heer, Jeffrey	(11)	University of California, Berkeley
Rosner, Daniela K.	(11)	University of California, Berkeley
Agrawala, Maneesh	(10)	University of California, Berkeley
Mankoff, Jennifer	(10)	University of California, Berkeley
Parikh, Tapan	(10)	University of California, Berkeley
Landay, James A.	(9)	University of California, Berkeley
Carter, Scott	(7)	University of California, Berkeley
Hearst, Marti A.	(7)	University of California, Berkeley
Fox, Armando	(6)	University of California, Berkeley
Hong, Jason I.	(6)	University of California, Berkeley
King, Simon	(6)	University of California, Berkeley
Paulos, Eric	(6)	University of California, Berkeley
Klemmer, Scott R.	(6)	University of California, Berkeley
Tewari, Anuj	(6)	University of California, Berkeley
Li, Wilmot	(5)	University of California, Berkeley
Cutrell, Edward	(5)	University of California, Berkeley
Goodman, Elizabeth	(5)	University of California, Berkeley
Ryokai, Kimiko	(5)	University of California, Berkeley
Ramachandran, Divya	(5)	University of California, Berkeley
Brewer, Eric	(4)	University of California, Berkeley
Hellerstein, Joseph M.	(4)	University of California, Berkeley
Borriello, Gaetano	(4)	University of California, Berkeley
Aoki, Paul M.	(4)	University of California, Berkeley
Good, Nathan	(4)	University of California, Berkeley
Matthews, Tara	(4)	University of California, Berkeley
Wang, Jingtao	(4)	University of California, Berkeley
Klemmer, Scott	(4)	University of California, Berkeley
Van House, Nancy A.	(4)	University of California, Berkeley
Sambasivan, Nithya	(4)	University of California, Berkeley
Medhi, Indrani	(4)	University of California, Berkeley
Kumar, Anuj	(4)	University of California, Berkeley
Rosner, Daniela	(4)	University of California, Berkeley
Chi, Pei-Yu	(4)	University of California, Berkeley
Kulkarni, Anand	(4)	University of California, Berkeley
Lin, James	(3)	University of California, Berkeley
Kim, Sunyoung	(3)	University of California, Berkeley
Dontcheva, Mira	(3)	University of California, Berkeley
Sarvas, Risto	(3)	University of California, Berkeley
Dey, Anind K.	(3)	University of California, Berkeley
Rattenbury, Tye	(3)	University of California, Berkeley
Dray, Susan	(3)	University of California, Berkeley
Van House, Nancy	(3)	University of California, Berkeley
Ahern, Shane	(3)	University of California, Berkeley
Ames, Morgan	(3)	University of California, Berkeley
Light, Ann	(3)	University of California, Berkeley
Wilde, Erik	(3)	University of California, Berkeley
Pal, Joyojeet	(3)	University of California, Berkeley
Parikh, Tapan S.	(3)	University of California, Berkeley
Buechley, Leah	(3)	University of California, Berkeley
Cutrell, Ed	(3)	University of California, Berkeley
Oreglia, Elisa	(3)	University of California, Berkeley
Schöning, Johannes	(3)	University of California, Berkeley
Kandel, Sean	(3)	University of California, Berkeley
Coetzee, Derrick	(3)	University of California, Berkeley
Mathur, Akhil	(3)	University of California, Berkeley
Robson, Christine	(3)	University of California, Berkeley
Lampinen, Airi	(3)	University of California, Berkeley
Antin, Judd	(3)	University of California, Berkeley
Cheshire, Coye	(3)	University of California, Berkeley
Kumar, Neha	(3)	University of California, Berkeley
Hartmann, Bjoern	(3)	University of California, Berkeley
Densmore, Melissa	(3)	University of California, Berkeley
Hudson, Scott E.	(2)	University of California, Berkeley
Kaye, Joseph 'Jofish'	(2)	University of California, Berkeley
Hirsch, Tad	(2)	University of California, Berkeley
Shamma, David A.	(2)	University of California, Berkeley
Paepcke, Andreas	(2)	University of California, Berkeley
Mainwaring, Alan	(2)	University of California, Berkeley
Grossklags, Jens	(2)	University of California, Berkeley
Sangiovanni-Vincentelli, Alberto	(2)	University of California, Berkeley
Soloway, Elliot	(2)	University of California, Berkeley
Dourish, Paul	(2)	University of California, Berkeley
Woodruff, Allison	(2)	University of California, Berkeley
Terveen, Loren	(2)	University of California, Berkeley
Boll, Susanne	(2)	University of California, Berkeley
Anderson, Richard	(2)	University of California, Berkeley
Dow, Steven	(2)	University of California, Berkeley
Amir, Arnon	(2)	University of California, Berkeley
Sun, David	(2)	University of California, Berkeley
Ducheneaut, Nicolas	(2)	University of California, Berkeley
Purves, Ross	(2)	University of California, Berkeley
Nov, Oded	(2)	University of California, Berkeley
Russell, Daniel M.	(2)	University of California, Berkeley
Myers, Chris	(2)	University of California, Berkeley
Newman, Mark W.	(2)	University of California, Berkeley
Chiu, Jane	(2)	University of California, Berkeley
Chiasson, Sonia	(2)	University of California, Berkeley
Fröhlich, Peter	(2)	University of California, Berkeley
Perkel, Dan	(2)	University of California, Berkeley
Burgener, Carrie	(2)	University of California, Berkeley
Williams, Amanda	(2)	University of California, Berkeley
Lesh, Neal	(2)	University of California, Berkeley
Hearst, Marti	(2)	University of California, Berkeley
Ivory, Melody Y.	(2)	University of California, Berkeley
Zimet, Lior	(2)	University of California, Berkeley
Dix, Alan	(66)	Lancaster University
Cheverst, Keith	(23)	Lancaster University
Gellersen, Hans	(19)	Lancaster University
Rukzio, Enrico	(18)	Lancaster University
Rouncefield, Mark	(18)	Lancaster University
Sas, Corina	(16)	Lancaster University
Coulton, Paul	(11)	Lancaster University
Schmidt, Albrecht	(10)	Lancaster University
Davies, Nigel	(9)	Lancaster University
Friday, Adrian	(9)	Lancaster University
Hazas, Mike	(7)	Lancaster University
Rodden, Tom	(6)	Lancaster University
Martin, David	(6)	Lancaster University
Graham, Connor	(6)	Lancaster University
Taylor, Nick	(6)	Lancaster University
Bulling, Andreas	(6)	Lancaster University
Wagner, Matthias	(5)	Lancaster University
Kortuem, Gerd	(5)	Lancaster University
Sommerville, Ian	(5)	Lancaster University
Villar, Nicolas	(5)	Lancaster University
Alexander, Jason	(5)	Lancaster University
Block, Florian	(5)	Lancaster University
Hardy, Robert	(5)	Lancaster University
Pennington, Sarah	(4)	Lancaster University
Subramanian, Sriram	(4)	Lancaster University
Holleis, Paul	(4)	Lancaster University
Katifori, Akrivi	(4)	Lancaster University
Schmidt, Dominik	(4)	Lancaster University
Broll, Gregor	(4)	Lancaster University
Greaves, Andrew	(4)	Lancaster University
Taher, Faisal	(4)	Lancaster University
Harding, Mike	(4)	Lancaster University
Silva, Paula Alexandra	(4)	Lancaster University
Clear, Adrian K.	(4)	Lancaster University
Chong, Ming Ki	(4)	Lancaster University
Gongora, Layda	(4)	Lancaster University
Bates, Oliver	(4)	Lancaster University
Paolucci, Massimo	(3)	Lancaster University
Benford, Steve	(3)	Lancaster University
Walkerdine, James	(3)	Lancaster University
O'Neill, Jacki	(3)	Lancaster University
Boll, Susanne	(3)	Lancaster University
Bowers, John	(3)	Lancaster University
Twidale, Michael	(3)	Lancaster University
Mariani, John	(3)	Lancaster University
Sheridan, Jennifer G.	(3)	Lancaster University
Boucher, Andy	(3)	Lancaster University
Fitton, Daniel	(3)	Lancaster University
Kawsar, Fahim	(3)	Lancaster University
Kildal, Johan	(3)	Lancaster University
Ramduny-Ellis, Devina	(3)	Lancaster University
Blair, Lynne	(3)	Lancaster University
Hart, Jennefer	(3)	Lancaster University
Lund, Kate	(3)	Lancaster University
Čopič Pucihar, Klen	(3)	Lancaster University
Morley, Janine	(3)	Lancaster University
Weichel, Christian	(3)	Lancaster University
Knowles, Bran	(3)	Lancaster University
Rogers, Yvonne	(2)	Lancaster University
Steed, Anthony	(2)	Lancaster University
White, Ryen W.	(2)	Lancaster University
Billinghurst, Mark	(2)	Lancaster University
Büscher, Monika	(2)	Lancaster University
Jones, Matt	(2)	Lancaster University
Walker, Brendan	(2)	Lancaster University
Catarci, Tiziana	(2)	Lancaster University
Höök, Kristina	(2)	Lancaster University
Regan, Tim	(2)	Lancaster University
Randall, Dave	(2)	Lancaster University
Van Laerhoven, Kristof	(2)	Lancaster University
Quigley, Aaron	(2)	Lancaster University
Gellersen, Hans-Werner	(2)	Lancaster University
Kray, Christian	(2)	Lancaster University
Purves, Ross	(2)	Lancaster University
Finney, Joe	(2)	Lancaster University
Terrenghi, Lucia	(2)	Lancaster University
Reeves, Stuart	(2)	Lancaster University
Fröhlich, Peter	(2)	Lancaster University
Harper, Richard	(2)	Lancaster University
Wilde, Erik	(2)	Lancaster University
Fildes, Robert	(2)	Lancaster University
Scott, James	(2)	Lancaster University
Kray, Chris	(2)	Lancaster University
Mitchell, Keith	(2)	Lancaster University
Race, Nicholas J. P.	(2)	Lancaster University
Hamard, John	(2)	Lancaster University
Lorenz, Andreas	(2)	Lancaster University
Zimmermann, Andreas	(2)	Lancaster University
Fitton, Dan	(2)	Lancaster University
Gaver, William	(2)	Lancaster University
Wilson, Andrew	(2)	Lancaster University
schraefel, m.c.	(2)	Lancaster University
Read, Janet C.	(2)	Lancaster University
Villar, Nicholas	(2)	Lancaster University
Law, Andy	(2)	Lancaster University
Poggi, Antonella	(2)	Lancaster University
Kano, Akiyo	(2)	Lancaster University
Walker, Stuart	(2)	Lancaster University
Henze, Niels	(2)	Lancaster University
André, Paul	(2)	Lancaster University
Druin, Allison	(44)	University of Maryland
Shneiderman, Ben	(43)	University of Maryland
Bederson, Benjamin B.	(33)	University of Maryland
Plaisant, Catherine	(19)	University of Maryland
Golbeck, Jennifer	(14)	University of Maryland
Guha, Mona Leigh	(11)	University of Maryland
Findlater, Leah	(11)	University of Maryland
Bonsignore, Elizabeth	(11)	University of Maryland
Guimbretière, François	(8)	University of Maryland
Hu, Chang	(7)	University of Maryland
Preece, Jenny	(6)	University of Maryland
Preece, Jennifer	(6)	University of Maryland
Rotman, Dana	(6)	University of Maryland
Ahn, June	(6)	University of Maryland
Fails, Jerry Alan	(5)	University of Maryland
Lazar, Jonathan	(5)	University of Maryland
Hourcade, Juan Pablo	(5)	University of Maryland
Yeh, Tom	(5)	University of Maryland
Karlson, Amy K.	(5)	University of Maryland
Hochheiser, Harry	(5)	University of Maryland
Hansen, Derek	(5)	University of Maryland
Froehlich, Jon	(5)	University of Maryland
Kules, Bill	(5)	University of Maryland
Quinn, Alexander J.	(5)	University of Maryland
Foss, Elizabeth	(5)	University of Maryland
Hansen, Derek L.	(4)	University of Maryland
Resnik, Philip	(4)	University of Maryland
Lee, Bongshin	(4)	University of Maryland
Golub, Evan	(4)	University of Maryland
Hinckley, Ken	(4)	University of Maryland
Zhao, Haixia	(4)	University of Maryland
Johnson, Jeff	(4)	University of Maryland
Chen, Nicholas	(4)	University of Maryland
Clegg, Tamara	(4)	University of Maryland
He, Yurong	(4)	University of Maryland
Gubbels, Michael	(4)	University of Maryland
Bowser, Anne	(4)	University of Maryland
Agrawala, Maneesh	(3)	University of Maryland
Karat, Clare-Marie	(3)	University of Maryland
Chipman, Gene	(3)	University of Maryland
Aloimonos, Yiannis	(3)	University of Maryland
Davis, Larry S.	(3)	University of Maryland
Apitz, Georg	(3)	University of Maryland
Guimbretiere, Francois	(3)	University of Maryland
Friedman, Batya	(3)	University of Maryland
Bederson, Ben	(3)	University of Maryland
Revelle, Glenda	(3)	University of Maryland
Fleischmann, Kenneth R.	(3)	University of Maryland
Maher, Mary Lou	(3)	University of Maryland
Rose, Anne	(3)	University of Maryland
Dixon, Morgan	(3)	University of Maryland
Brown, Quincy	(3)	University of Maryland
Walsh, Greg	(3)	University of Maryland
Hatley, Leshell	(3)	University of Maryland
Hutchinson, Hilary	(3)	University of Maryland
Wongsuphasawat, Krist	(3)	University of Maryland
Yip, Jason	(3)	University of Maryland
Brewer, Robin	(3)	University of Maryland
Koepfler, Jes A.	(3)	University of Maryland
Hammock, Jen	(3)	University of Maryland
Kraus, Kari	(3)	University of Maryland
Yip, Jason C.	(3)	University of Maryland
Rhodes, Emily	(3)	University of Maryland
Czerwinski, Mary P.	(2)	University of Maryland
Clamage, Aaron	(2)	University of Maryland
Robertson, George G.	(2)	University of Maryland
Rogers, Yvonne	(2)	University of Maryland
Markopoulos, Panos	(2)	University of Maryland
Hendler, James	(2)	University of Maryland
Farber, Allison	(2)	University of Maryland
Simms, Sante	(2)	University of Maryland
Memon, Atif M.	(2)	University of Maryland
Liao, Chunyuan	(2)	University of Maryland
Khuller, Samir	(2)	University of Maryland
Robertson, George	(2)	University of Maryland
Heer, Jeffrey	(2)	University of Maryland
Herrnson, Paul S.	(2)	University of Maryland
Niemi, Richard G.	(2)	University of Maryland
Carr, David A.	(2)	University of Maryland
Campbell, Dana	(2)	University of Maryland
Churaman, Wayne	(2)	University of Maryland
Montemayor, Jaime	(2)	University of Maryland
Kang, Hyunmo	(2)	University of Maryland
Wobbrock, Jacob	(2)	University of Maryland
Read, Janet C.	(2)	University of Maryland
Gajos, Krzysztof Z.	(2)	University of Maryland
Hutchinson, Hilary Browne	(2)	University of Maryland
Song, Hyunyoung	(2)	University of Maryland
Shilton, Katie	(2)	University of Maryland
Aris, Aleks	(2)	University of Maryland
Chang, Tsung-Hsiang	(2)	University of Maryland
Norman, Kent L.	(2)	University of Maryland
Wang, Taowei David	(2)	University of Maryland
Jaeger, Paul T.	(2)	University of Maryland
Li, Ian	(2)	University of Maryland
Bederson, Benjamin	(2)	University of Maryland
Dunne, Cody	(2)	University of Maryland
Karlson, Amy	(2)	University of Maryland
Wu, Philip Fei	(2)	University of Maryland
Fails, Jerry	(2)	University of Maryland
Brewster, Stephen	(53)	University of Glasgow
Murray-Smith, Roderick	(33)	University of Glasgow
Chalmers, Matthew	(27)	University of Glasgow
Brewster, Stephen A.	(25)	University of Glasgow
Renaud, Karen	(20)	University of Glasgow
Brown, Barry	(19)	University of Glasgow
Williamson, John	(16)	University of Glasgow
Wilson, Graham	(11)	University of Glasgow
Halvey, Martin	(10)	University of Glasgow
Sherwood, Scott	(9)	University of Glasgow
Morrison, Alistair	(8)	University of Glasgow
Crossan, Andrew	(8)	University of Glasgow
Bell, Marek	(7)	University of Glasgow
Strachan, Steven	(7)	University of Glasgow
Jones, Matt	(6)	University of Glasgow
Hughes, Stephen	(6)	University of Glasgow
Gray, Phil	(6)	University of Glasgow
Reeves, Stuart	(6)	University of Glasgow
Hamer, John	(5)	University of Glasgow
Purchase, Helen C.	(5)	University of Glasgow
Johnson, Chris	(5)	University of Glasgow
Hall, Malcolm	(5)	University of Glasgow
Eslambolchilar, Parisa	(5)	University of Glasgow
Barkhuus, Louise	(5)	University of Glasgow
Hoggan, Eve	(5)	University of Glasgow
McMillan, Donald	(5)	University of Glasgow
Stewart, Craig	(4)	University of Glasgow
Palanque, Philippe	(4)	University of Glasgow
Nigay, Laurence	(4)	University of Glasgow
Oulasvirta, Antti	(4)	University of Glasgow
Kotzé, Paula	(4)	University of Glasgow
Rogers, Simon	(4)	University of Glasgow
Tennent, Paul	(4)	University of Glasgow
Charissis, Vassilis	(4)	University of Glasgow
McGookin, David	(4)	University of Glasgow
Cutts, Quintin	(4)	University of Glasgow
Maitland, Julie	(4)	University of Glasgow
McGee-Lennon, Marilyn	(4)	University of Glasgow
Hughes, Stephen A.	(4)	University of Glasgow
Robinson, Simon	(3)	University of Glasgow
Perry, Mark	(3)	University of Glasgow
Brown, Lorna M.	(3)	University of Glasgow
Hansen, Lone Koefoed	(3)	University of Glasgow
Rost, Mattias	(3)	University of Glasgow
van Biljon, Judy	(3)	University of Glasgow
Cramer, Henriette	(3)	University of Glasgow
Vazquez-Alvarez, Yolanda	(3)	University of Glasgow
Rico, Julie	(3)	University of Glasgow
McAdam, Christopher	(3)	University of Glasgow
McLachlan, Ross	(3)	University of Glasgow
Weir, Daryl	(3)	University of Glasgow
Lister, Raymond	(2)	University of Glasgow
Box, Ilona	(2)	University of Glasgow
Fincher, Sally	(2)	University of Glasgow
Jose, Joemon M.	(2)	University of Glasgow
De Angeli, Antonella	(2)	University of Glasgow
Galani, Areti	(2)	University of Glasgow
Petre, Marian	(2)	University of Glasgow
Benford, Steve	(2)	University of Glasgow
Ramloll, Rameshsharma	(2)	University of Glasgow
Vinciarelli, Alessandro	(2)	University of Glasgow
Anderson, Paul	(2)	University of Glasgow
Papanastasiou, Stylianos	(2)	University of Glasgow
Jacucci, Giulio	(2)	University of Glasgow
McGookin, David K.	(2)	University of Glasgow
de Raadt, Michael	(2)	University of Glasgow
Cho, Sung-Jung	(2)	University of Glasgow
Jose, Joemon	(2)	University of Glasgow
Robins, Anthony	(2)	University of Glasgow
O'Modhrain, Sile	(2)	University of Glasgow
Hamilton, Margaret	(2)	University of Glasgow
Dubois, Emmanuel	(2)	University of Glasgow
Bernhaupt, Regina	(2)	University of Glasgow
Wall, Steven	(2)	University of Glasgow
Rath, Matthias	(2)	University of Glasgow
Kim, Yeun-Bae	(2)	University of Glasgow
Azzopardi, Leif	(2)	University of Glasgow
Simmons, David R.	(2)	University of Glasgow
Simon,	(2)	University of Glasgow
Tutty, Jodi	(2)	University of Glasgow
Haden, Patricia	(2)	University of Glasgow
Cheverst, Keith	(2)	University of Glasgow
Sutton, Ken	(2)	University of Glasgow
Bentley, Frank	(2)	University of Glasgow
Tolhurst, Denise	(2)	University of Glasgow
Baker, Bob	(2)	University of Glasgow
Draper, Stephen W.	(2)	University of Glasgow
Boring, Ronald	(2)	University of Glasgow
Kristensson, Per Ola	(2)	University of Glasgow
Basnyat, Sandra	(2)	University of Glasgow
Rooksby, John	(2)	University of Glasgow
Bowman, Richard	(2)	University of Glasgow
Murray-Smith, Rod	(2)	University of Glasgow
Quaade, Torben	(2)	University of Glasgow
McGee-Lennon, Marilyn Rose	(2)	University of Glasgow
Wolters, Maria	(2)	University of Glasgow
Ramsay, Andrew	(2)	University of Glasgow
McGee-Lennon, Marilyn R.	(2)	University of Glasgow
Lumsden, Joanna	(2)	University of Glasgow
Gray, Philip	(2)	University of Glasgow
Carroll, John M.	(48)	Pennsylvania State University
Rosson, Mary Beth	(45)	Pennsylvania State University
Sundar, S. Shyam	(16)	Pennsylvania State University
Farooq, Umer	(13)	Pennsylvania State University
Convertino, Gregorio	(13)	Pennsylvania State University
Ganoe, Craig H.	(10)	Pennsylvania State University
Mentis, Helena M.	(10)	Pennsylvania State University
Xiao, Lu	(9)	Pennsylvania State University
Ritter, Frank E.	(9)	Pennsylvania State University
Reddy, Madhu	(8)	Pennsylvania State University
Zhang, Xiaolong	(Luke)	Pennsylvania State University	(8)	Pennsylvania State University
Xu, Heng	(7)	Pennsylvania State University
Zhang, Xiaolong	(7)	Pennsylvania State University
Bach, Paula M.	(7)	Pennsylvania State University
Tian, Feng	(6)	Pennsylvania State University
Dai, Guozhong	(6)	Pennsylvania State University
Wang, Hongan	(6)	Pennsylvania State University
Jia, Haiyan	(6)	Pennsylvania State University
Haynes, Steven R.	(5)	Pennsylvania State University
Ganoe, Craig	(5)	Pennsylvania State University
Xu, Qian	(5)	Pennsylvania State University
Gross, Joshua B.	(5)	Pennsylvania State University
Wu, Anna	(5)	Pennsylvania State University
Bellur, Saraswathi	(5)	Pennsylvania State University
Thiry, Elizabeth	(5)	Pennsylvania State University
Myers, Brad A.	(4)	Pennsylvania State University
El-Nasr, Magy Seif	(4)	Pennsylvania State University
Burnett, Margaret	(4)	Pennsylvania State University
Mynatt, Elizabeth D.	(4)	Pennsylvania State University
Catrambone, Richard	(4)	Pennsylvania State University
Giles, C. Lee	(4)	Pennsylvania State University
Ko, Andrew J.	(4)	Pennsylvania State University
Jiang, Hao	(4)	Pennsylvania State University
Xu, Yan	(4)	Pennsylvania State University
Lu, Fei	(4)	Pennsylvania State University
Miller, Andrew D.	(4)	Pennsylvania State University
Poole, Erika Shehan	(4)	Pennsylvania State University
Paul, Sharoda A.	(4)	Pennsylvania State University
Oh, Jeeyun	(4)	Pennsylvania State University
Peyton, Tamara	(4)	Pennsylvania State University
Eiriksdottir, Elsa	(4)	Pennsylvania State University
Poole, Erika	(4)	Pennsylvania State University
Wiedenbeck, Susan	(3)	Pennsylvania State University
Cao, Xiang	(3)	Pennsylvania State University
MacEachren, Alan	(3)	Pennsylvania State University
Sharma, Rajeev	(3)	Pennsylvania State University
Burnett, Margaret M.	(3)	Pennsylvania State University
Zhang, Yang	(3)	Pennsylvania State University
Hoffman, Blaine	(3)	Pennsylvania State University
Zhao, Dejin	(3)	Pennsylvania State University
Zhang, Shaoke	(3)	Pennsylvania State University
Slavkovic, Aleksandra	(3)	Pennsylvania State University
Oeldorf-Hirsch, Anne	(3)	Pennsylvania State University
Jiang, Yingying	(3)	Pennsylvania State University
Poole, Erika S.	(3)	Pennsylvania State University
Du, Honglu	(3)	Pennsylvania State University
Gou, Liang	(3)	Pennsylvania State University
Reddy, Madhu C.	(2)	Pennsylvania State University
Lee, Wang-Chien	(2)	Pennsylvania State University
Grossklags, Jens	(2)	Pennsylvania State University
Aedo, Ignacio	(2)	Pennsylvania State University
Blackwell, Alan	(2)	Pennsylvania State University
Cohen, Mark A.	(2)	Pennsylvania State University
Li, Na	(2)	Pennsylvania State University
Fuhrmann, Sven	(2)	Pennsylvania State University
Neale, Dennis C.	(2)	Pennsylvania State University
Lee, Dongwon	(2)	Pennsylvania State University
Kumara, Soundar	(2)	Pennsylvania State University
Zheng, Baihua	(2)	Pennsylvania State University
Beckwith, Laura	(2)	Pennsylvania State University
Krahnstoever, N.	(2)	Pennsylvania State University
Mitra, Prasenjit	(2)	Pennsylvania State University
Jansen, Bernard J.	(2)	Pennsylvania State University
Shehab, Mohamed	(2)	Pennsylvania State University
Freed, Andrew R.	(2)	Pennsylvania State University
Chen, Yunan	(2)	Pennsylvania State University
Squicciarini, Anna C.	(2)	Pennsylvania State University
Vukovic, Maja	(2)	Pennsylvania State University
Díaz, Paloma	(2)	Pennsylvania State University
Asti, Brian	(2)	Pennsylvania State University
Mohammed, Susan	(2)	Pennsylvania State University
Squicciarini, Anna Cinzia	(2)	Pennsylvania State University
Shin, Dong Hee	(2)	Pennsylvania State University
Sharma, R.	(2)	Pennsylvania State University
Jung, Eunhwa	(2)	Pennsylvania State University
Amant, Robert St.	(2)	Pennsylvania State University
Horton, Thomas E.	(2)	Pennsylvania State University
Yeasin, M.	(2)	Pennsylvania State University
Yeasin, Mohammed	(2)	Pennsylvania State University
Shi, Pan	(2)	Pennsylvania State University
Sundareswaran, Smitha	(2)	Pennsylvania State University
Robinson, Harold R.	(2)	Pennsylvania State University
Koh, Yoon Jeon	(2)	Pennsylvania State University
Shehan Poole, Erika	(2)	Pennsylvania State University
Kim, Hyang-Sook	(2)	Pennsylvania State University
Robinson, Harold	(2)	Pennsylvania State University
Kestranek, Dan	(2)	Pennsylvania State University
Wu, Mu	(2)	Pennsylvania State University
Shapiro, Alice	(2)	Pennsylvania State University
Thimbleby, Harold	(1)	Pennsylvania State University
Balakrishnan, Ravin	(43)	University of Toronto
Truong, Khai N.	(22)	University of Toronto
Grossman, Tovi	(15)	University of Toronto
Wigdor, Daniel	(14)	University of Toronto
Massimi, Michael	(12)	University of Toronto
Baecker, Ronald	(10)	University of Toronto
Baecker, Ronald M.	(10)	University of Toronto
Zhai, Shumin	(9)	University of Toronto
Dearman, David	(9)	University of Toronto
Chignell, Mark	(9)	University of Toronto
Baecker, Ron	(8)	University of Toronto
Munteanu, Cosmin	(8)	University of Toronto
Forlines, Clifton	(7)	University of Toronto
Buxton, William	(7)	University of Toronto
Gwizdka, Jacek	(7)	University of Toronto
Penn, Gerald	(7)	University of Toronto
Birnholtz, Jeremy	(7)	University of Toronto
Bi, Xiaojun	(6)	University of Toronto
Ranjan, Abhishek	(5)	University of Toronto
McGrenere, Joanna	(5)	University of Toronto
Fitzmaurice, George	(5)	University of Toronto
Shen, Chia	(5)	University of Toronto
Yatani, Koji	(5)	University of Toronto
Hayes, Gillian R.	(5)	University of Toronto
Lottridge, Danielle	(5)	University of Toronto
Abowd, Gregory D.	(4)	University of Toronto
Singh, Karan	(4)	University of Toronto
Mantei, Marilyn	(4)	University of Toronto
Milgram, Paul	(4)	University of Toronto
Cao, Xiang	(3)	University of Toronto
Boutilier, Craig	(3)	University of Toronto
Dragicevic, Pierre	(3)	University of Toronto
Zhao, Shengdong	(3)	University of Toronto
Kirk, David	(3)	University of Toronto
Ramos, Gonzalo	(3)	University of Toronto
Spence, Ian	(3)	University of Toronto
Sellen, Abigail	(3)	University of Toronto
Zhu, Xiaodan	(3)	University of Toronto
Sohn, Timothy	(3)	University of Toronto
Banks, Richard	(3)	University of Toronto
Mak, Clarissa	(3)	University of Toronto
Jain, Mohit	(3)	University of Toronto
Freeman, Dustin	(3)	University of Toronto
Plataniotis, Konstantinos N.	(2)	University of Toronto
Booth, Kellogg S.	(2)	University of Toronto
Inkpen, Kori M.	(2)	University of Toronto
Davoli, Renzo	(2)	University of Toronto
Goldweber, Michael	(2)	University of Toronto
Cutrell, Edward	(2)	University of Toronto
Wu, Mike	(2)	University of Toronto
schraefel, m. c.	(2)	University of Toronto
Yu, Eric	(2)	University of Toronto
Dietz, Paul	(2)	University of Toronto
Accot, Johnny	(2)	University of Toronto
Clear, Tony	(2)	University of Toronto
Ren, Xiangshi	(2)	University of Toronto
Birnholtz, Jeremy P.	(2)	University of Toronto
Fiume, Eugene	(2)	University of Toronto
Moscovich, Tomer	(2)	University of Toronto
Baudisch, Patrick	(2)	University of Toronto
Kurtenbach, Gordon	(2)	University of Toronto
Yesha, Yelena	(2)	University of Toronto
Izadi, Shahram	(2)	University of Toronto
Morris, Meredith Ringel	(2)	University of Toronto
Morris, Dan	(2)	University of Toronto
Wellman, Barry	(2)	University of Toronto
Cordy, James R.	(2)	University of Toronto
Thorpe, Julie	(2)	University of Toronto
Tan, Desney S.	(2)	University of Toronto
Iachello, Giovanni	(2)	University of Toronto
Easterbrook, Steve	(2)	University of Toronto
Hinckley, Ken	(2)	University of Toronto
Bezerianos, Anastasia	(2)	University of Toronto
Moffatt, Karyn	(2)	University of Toronto
Findlater, Leah	(2)	University of Toronto
Huang, Elaine M.	(2)	University of Toronto
Tsandilas, Theophanis	(2)	University of Toronto
Hui, Bowen	(2)	University of Toronto
Buxton, William A. S.	(2)	University of Toronto
Rankin, Kelly	(2)	University of Toronto
Mann, Samuel	(2)	University of Toronto
Feng, Jing	(2)	University of Toronto
Shirali-Shahreza, Sajad	(2)	University of Toronto
Collins, Christopher	(2)	University of Toronto
Chevalier, Fanny	(2)	University of Toronto
Rajput, Nitendra	(2)	University of Toronto
Odom, William	(2)	University of Toronto
Modjeska, David	(2)	University of Toronto
Barr, John	(2)	University of Toronto
Salehi-Abari, Amirali	(2)	University of Toronto
Li, Frank Chun Yat	(2)	University of Toronto
Ng, Joanna W.	(2)	University of Toronto
Moore, Gale	(2)	University of Toronto
Patitsas, Elizabeth	(2)	University of Toronto
Hilts, Andrew	(2)	University of Toronto
Truong, Khai	(2)	University of Toronto
Trusty, Andrew	(2)	University of Toronto
Banovic, Nikola	(2)	University of Toronto
McCallum, Anthony	(2)	University of Toronto
Ng, Albert	(2)	University of Toronto
McCrickard, D. Scott	(33)	Virginia Tech
Harrison, Steve	(22)	Virginia Tech
North, Chris	(20)	Virginia Tech
Quek, Francis	(20)	Virginia Tech
Tatar, Deborah	(16)	Virginia Tech
Bowman, Doug A.	(14)	Virginia Tech
Carroll, John M.	(14)	Virginia Tech
Rosson, Mary Beth	(12)	Virginia Tech
Chewar, C. M.	(11)	Virginia Tech
Pérez-Quiñones, Manuel A.	(10)	Virginia Tech
Fox, Edward A.	(8)	Virginia Tech
Endert, Alex	(8)	Virginia Tech
Hix, Deborah	(7)	Virginia Tech
Kavanaugh, Andrea	(7)	Virginia Tech
Hartson, H. Rex	(7)	Virginia Tech
Polys, Nicholas F.	(6)	Virginia Tech
Smith-Jackson, Tonya L.	(6)	Virginia Tech
Ball, Robert	(5)	Virginia Tech
Lee, Jason Chong	(5)	Virginia Tech
Wyche, Susan P.	(5)	Virginia Tech
Wahid, Shahtab	(5)	Virginia Tech
Smith-Jackson, Tonya	(5)	Virginia Tech
Pyla, Pardha S.	(4)	Virginia Tech
Neale, Dennis C.	(4)	Virginia Tech
Gračanin, Denis	(4)	Virginia Tech
Oliveira, Francisco	(4)	Virginia Tech
Miller, Chreston	(4)	Virginia Tech
Kim, Si-Jung	(4)	Virginia Tech
Branham, Stacy M.	(4)	Virginia Tech
Judge, Tejinder K.	(4)	Virginia Tech
Chu, Sharon Lynn	(4)	Virginia Tech
Chen, Jian	(3)	Virginia Tech
Somervell, Jacob	(3)	Virginia Tech
Yost, Beth	(3)	Virginia Tech
Sengers, Phoebe	(3)	Virginia Tech
Gabbard, Joseph L.	(3)	Virginia Tech
Ni, Tao	(3)	Virginia Tech
McCrickard, Scott	(3)	Virginia Tech
Tungare, Manas	(3)	Virginia Tech
WinchesterIII, Woodrow W.	(3)	Virginia Tech
Johri, Aditya	(3)	Virginia Tech
Vega, Laurian	(3)	Virginia Tech
Andrews, Christopher	(3)	Virginia Tech
Branham, Stacy	(3)	Virginia Tech
DeHart, Tom	(3)	Virginia Tech
Lee, Joon Suk	(3)	Virginia Tech
El-Glaly, Yasmine N.	(3)	Virginia Tech
Dhillon, Gurjot	(3)	Virginia Tech
Shaffer, Clifford A.	(2)	Virginia Tech
Ramakrishnan, Naren	(2)	Virginia Tech
Wang, Rongrong	(2)	Virginia Tech
Grinter, Rebecca E.	(2)	Virginia Tech
Morency, Louis-Philippe	(2)	Virginia Tech
Czerwinski, Mary	(2)	Virginia Tech
Churchill, Elizabeth	(2)	Virginia Tech
Carter, Scott	(2)	Virginia Tech
Arthur, James D.	(2)	Virginia Tech
Carroll, John	(2)	Virginia Tech
Saraiya, Purvi	(2)	Virginia Tech
Duca, Karen	(2)	Virginia Tech
Nov, Oded	(2)	Virginia Tech
Douglas, Sarah A.	(2)	Virginia Tech
Bohner, Shawn A.	(2)	Virginia Tech
Smith, Jamie L.	(2)	Virginia Tech
Lewis, Clayton	(2)	Virginia Tech
Kim, Ji-Sun	(2)	Virginia Tech
Neustaedter, Carman	(2)	Virginia Tech
Isenhour, Philip	(2)	Virginia Tech
Dunlap, Daniel	(2)	Virginia Tech
Wingrave, Chadwick A.	(2)	Virginia Tech
May, Richard	(2)	Virginia Tech
Bhatia, Saurabh	(2)	Virginia Tech
Harrison, Steven	(2)	Virginia Tech
Booker, John	(2)	Virginia Tech
Kim, Kibum	(2)	Virginia Tech
Pérez-Quiñones, Manuel	(2)	Virginia Tech
Chung, Haeyong	(2)	Virginia Tech
Otitoju, Kunmi	(2)	Virginia Tech
McMahan, Ryan P.	(2)	Virginia Tech
Turner, Scott A.	(2)	Virginia Tech
Howarth, Jonathan	(2)	Virginia Tech
Sciacchitano, Brian	(2)	Virginia Tech
Sampat, Miten	(2)	Virginia Tech
Fang, Bing	(2)	Virginia Tech
Lee, Young Seok	(2)	Virginia Tech
Fabian, Alain	(2)	Virginia Tech
Vega, Laurian C.	(2)	Virginia Tech
Isenhour, Philip L.	(2)	Virginia Tech
Castillo, José C.	(2)	Virginia Tech
Ndiwalana, Ali	(2)	Virginia Tech
Kim, Hyung Nam	(2)	Virginia Tech
Lee, Joon-Suk	(2)	Virginia Tech
Streefkerk, Jan Willem	(2)	Virginia Tech
Matković, Krešimir	(2)	Virginia Tech
Doswell, Felicia	(2)	Virginia Tech
Montabert, Cyril	(2)	Virginia Tech
Winchester, Woodrow W.	(2)	Virginia Tech
Barksdale, Jeremy T.	(2)	Virginia Tech
Bacim, Felipe	(2)	Virginia Tech
Cowan, Heidi	(2)	Virginia Tech
Ackerman, Mark S.	(23)	University Michigan Ann Arbor
Soloway, Elliot	(15)	University Michigan Ann Arbor
Lampe, Cliff	(11)	University Michigan Ann Arbor
Huh, Jina	(11)	University Michigan Ann Arbor
Resnick, Paul	(10)	University Michigan Ann Arbor
Newman, Mark W.	(10)	University Michigan Ann Arbor
Quintana, Chris	(9)	University Michigan Ann Arbor
Olson, Gary M.	(9)	University Michigan Ann Arbor
Olson, Judith S.	(8)	University Michigan Ann Arbor
Munson, Sean A.	(7)	University Michigan Ann Arbor
Finholt, Thomas A.	(6)	University Michigan Ann Arbor
Jackson, Steven J.	(6)	University Michigan Ann Arbor
Furnas, George W.	(6)	University Michigan Ann Arbor
Zheng, Kai	(6)	University Michigan Ann Arbor
Kieras, David E.	(6)	University Michigan Ann Arbor
Ackerman, Mark	(5)	University Michigan Ann Arbor
Yang, Jiang	(5)	University Michigan Ann Arbor
Teasley, Stephanie D.	(5)	University Michigan Ann Arbor
Krajcik, Joseph	(4)	University Michigan Ann Arbor
John, Bonnie E.	(4)	University Michigan Ann Arbor
Bos, Nathan	(4)	University Michigan Ann Arbor
Howes, Andrew	(4)	University Michigan Ann Arbor
Adar, Eytan	(4)	University Michigan Ann Arbor
Adamic, Lada A.	(4)	University Michigan Ann Arbor
Congleton, Ben	(4)	University Michigan Ann Arbor
Yew, Jude	(4)	University Michigan Ann Arbor
Jackson, Shari L.	(4)	University Michigan Ann Arbor
Zhou, Xiaomu	(4)	University Michigan Ann Arbor
Pollack, Martha E.	(3)	University Michigan Ann Arbor
Erickson, Thomas	(3)	University Michigan Ann Arbor
Birnholtz, Jeremy P.	(3)	University Michigan Ann Arbor
Card, Stuart K.	(3)	University Michigan Ann Arbor
Russell, Daniel M.	(3)	University Michigan Ann Arbor
Kieras, David	(3)	University Michigan Ann Arbor
Vera, Alonso	(3)	University Michigan Ann Arbor
Lewis, Richard L.	(3)	University Michigan Ann Arbor
Friedman, Batya	(3)	University Michigan Ann Arbor
Pal, Joyojeet	(3)	University Michigan Ann Arbor
Cook, Eric	(3)	University Michigan Ann Arbor
Furnas, George	(3)	University Michigan Ann Arbor
Wyche, Susan P.	(3)	University Michigan Ann Arbor
Peter, Christian	(3)	University Michigan Ann Arbor
Crane, Elizabeth	(3)	University Michigan Ann Arbor
Song, Minyoung	(3)	University Michigan Ann Arbor
Luchini, Kathleen	(3)	University Michigan Ann Arbor
Wood, Scott D.	(3)	University Michigan Ann Arbor
Gray, Rebecca	(3)	University Michigan Ann Arbor
Jagadish, H. V.	(2)	University Michigan Ann Arbor
Zhang, Jun	(2)	University Michigan Ann Arbor
Jahanian, Farnam	(2)	University Michigan Ann Arbor
Avrahami, Daniel	(2)	University Michigan Ann Arbor
Kim, Yong-Mi	(2)	University Michigan Ann Arbor
Singh, Satinder	(2)	University Michigan Ann Arbor
Fogarty, James	(2)	University Michigan Ann Arbor
Reed, James	(2)	University Michigan Ann Arbor
Prakash, Atul	(2)	University Michigan Ann Arbor
Stefik, Mark	(2)	University Michigan Ann Arbor
Rieh, Soo Young	(2)	University Michigan Ann Arbor
Qu, Yan	(2)	University Michigan Ann Arbor
Chi, Ed H.	(2)	University Michigan Ann Arbor
McCurdy, Michael	(2)	University Michigan Ann Arbor
Tollinger, Irene	(2)	University Michigan Ann Arbor
Kraut, Robert E.	(2)	University Michigan Ann Arbor
Ling, Kimberly	(2)	University Michigan Ann Arbor
Horn, Daniel B.	(2)	University Michigan Ann Arbor
Pirolli, Peter	(2)	University Michigan Ann Arbor
Forte, Andrea	(2)	University Michigan Ann Arbor
Consolvo, Sunny	(2)	University Michigan Ann Arbor
Smith, Ian	(2)	University Michigan Ann Arbor
Axelrod, Lesley	(2)	University Michigan Ann Arbor
Kellogg, Wendy A.	(2)	University Michigan Ann Arbor
Tourangeau, Roger	(2)	University Michigan Ann Arbor
Karger, David	(2)	University Michigan Ann Arbor
Ribes, David	(2)	University Michigan Ann Arbor
Sengers, Phoebe	(2)	University Michigan Ann Arbor
Bhavnani, Suresh K.	(2)	University Michigan Ann Arbor
Teevan, Jaime	(2)	University Michigan Ann Arbor
Atkins, Daniel E.	(2)	University Michigan Ann Arbor
Lyons, Leilah	(2)	University Michigan Ann Arbor
Zimmerman, Ann	(2)	University Michigan Ann Arbor
Liu, Yili	(2)	University Michigan Ann Arbor
Wallace, Raven	(2)	University Michigan Ann Arbor
Klann, Elisabeth	(2)	University Michigan Ann Arbor
Scala, Nancy	(2)	University Michigan Ann Arbor
Abotel, Kasem	(2)	University Michigan Ann Arbor
Ellison, Nicole	(2)	University Michigan Ann Arbor
Morse, Joshua	(2)	University Michigan Ann Arbor
Palay, Joshua	(2)	University Michigan Ann Arbor
Adamic, Lada	(2)	University Michigan Ann Arbor
Quinones, Pablo-Alejandro	(2)	University Michigan Ann Arbor
Cerretani, Jacqueline	(2)	University Michigan Ann Arbor
Ackerman, Mark Steven	(2)	University Michigan Ann Arbor
Lauterbach, Debra	(2)	University Michigan Ann Arbor
Lonn, Steven	(2)	University Michigan Ann Arbor
Velasquez, Alcides	(2)	University Michigan Ann Arbor
Dawood, Rahmad	(2)	University Michigan Ann Arbor
Buyuktur, Ayse	(2)	University Michigan Ann Arbor
Vitak, Jessica	(2)	University Michigan Ann Arbor
Hullman, Jessica	(2)	University Michigan Ann Arbor
Yang, Rayoung	(2)	University Michigan Ann Arbor
Karat, John	(23)	IBM Thomas J. Watson Research Center
Erickson, Thomas	(16)	IBM Thomas J. Watson Research Center
Kellogg, Wendy A.	(16)	IBM Thomas J. Watson Research Center
Karat, Clare-Marie	(15)	IBM Thomas J. Watson Research Center
Trewin, Shari	(11)	IBM Thomas J. Watson Research Center
Thomas, John C.	(10)	IBM Thomas J. Watson Research Center
Brodie, Carolyn	(8)	IBM Thomas J. Watson Research Center
Keates, Simeon	(8)	IBM Thomas J. Watson Research Center
Geyer, Werner	(8)	IBM Thomas J. Watson Research Center
Hanson, Vicki L.	(8)	IBM Thomas J. Watson Research Center
Muller, Michael	(7)	IBM Thomas J. Watson Research Center
John, Bonnie E.	(7)	IBM Thomas J. Watson Research Center
Thomas, John	(7)	IBM Thomas J. Watson Research Center
Millen, David R.	(6)	IBM Thomas J. Watson Research Center
Shami, N. Sadat	(6)	IBM Thomas J. Watson Research Center
Blevis, Eli	(6)	IBM Thomas J. Watson Research Center
Danis, Catalina	(6)	IBM Thomas J. Watson Research Center
Pan, Yue	(5)	IBM Thomas J. Watson Research Center
Carroll, John M.	(5)	IBM Thomas J. Watson Research Center
Brownholtz, Beth	(5)	IBM Thomas J. Watson Research Center
Richards, John T.	(5)	IBM Thomas J. Watson Research Center
Millen, David	(5)	IBM Thomas J. Watson Research Center
Feng, Jinjuan	(5)	IBM Thomas J. Watson Research Center
Bellamy, Rachel	(5)	IBM Thomas J. Watson Research Center
Swart, Cal	(5)	IBM Thomas J. Watson Research Center
Sears, Andrew	(4)	IBM Thomas J. Watson Research Center
Farrell, Robert G.	(4)	IBM Thomas J. Watson Research Center
Cheng, Li-Te	(4)	IBM Thomas J. Watson Research Center
Thom-Santelli, Jennifer	(4)	IBM Thomas J. Watson Research Center
Light, Ann	(4)	IBM Thomas J. Watson Research Center
Potamianos, Gerasimos	(4)	IBM Thomas J. Watson Research Center
Richards, John	(4)	IBM Thomas J. Watson Research Center
Ellis, Jason B.	(4)	IBM Thomas J. Watson Research Center
Dugan, Casey	(4)	IBM Thomas J. Watson Research Center
Sambasivan, Nithya	(4)	IBM Thomas J. Watson Research Center
Rosson, Mary Beth	(3)	IBM Thomas J. Watson Research Center
Huang, Thomas S.	(3)	IBM Thomas J. Watson Research Center
Feiner, Steven	(3)	IBM Thomas J. Watson Research Center
Muller, Michael J.	(3)	IBM Thomas J. Watson Research Center
Carroll, John	(3)	IBM Thomas J. Watson Research Center
Kjeldsen, Rick	(3)	IBM Thomas J. Watson Research Center
Wen, Zhen	(3)	IBM Thomas J. Watson Research Center
Dray, Susan	(3)	IBM Thomas J. Watson Research Center
Greene, Sharon L.	(3)	IBM Thomas J. Watson Research Center
Dearden, Andy	(3)	IBM Thomas J. Watson Research Center
Perer, Adam	(3)	IBM Thomas J. Watson Research Center
Kellogg, Wendy	(3)	IBM Thomas J. Watson Research Center
Guy, Ido	(3)	IBM Thomas J. Watson Research Center
Bailey, Mark	(3)	IBM Thomas J. Watson Research Center
Brezin, Jonathan	(3)	IBM Thomas J. Watson Research Center
Buckhalter, Celeste	(3)	IBM Thomas J. Watson Research Center
Danis, Catalina M.	(3)	IBM Thomas J. Watson Research Center
Alpert, Sherman R.	(3)	IBM Thomas J. Watson Research Center
Karger, David R.	(2)	IBM Thomas J. Watson Research Center
Gay, Geri	(2)	IBM Thomas J. Watson Research Center
Brown, Aaron B.	(2)	IBM Thomas J. Watson Research Center
Joshi, Rajiv	(2)	IBM Thomas J. Watson Research Center
Chao, Tian	(2)	IBM Thomas J. Watson Research Center
Hurst, Amy	(2)	IBM Thomas J. Watson Research Center
Wilcox, Eric	(2)	IBM Thomas J. Watson Research Center
Karat, C. M.	(2)	IBM Thomas J. Watson Research Center
Karat, J.	(2)	IBM Thomas J. Watson Research Center
Thomas, J. C.	(2)	IBM Thomas J. Watson Research Center
Hancock, Jeffrey T.	(2)	IBM Thomas J. Watson Research Center
Sutcliffe, Alistair	(2)	IBM Thomas J. Watson Research Center
Sahu, Sambit	(2)	IBM Thomas J. Watson Research Center
Patterson, John	(2)	IBM Thomas J. Watson Research Center
Das, Rajarshi	(2)	IBM Thomas J. Watson Research Center
Topkara, Mercan	(2)	IBM Thomas J. Watson Research Center
Zeng, Zhihong	(2)	IBM Thomas J. Watson Research Center
Edwards, W. Keith	(2)	IBM Thomas J. Watson Research Center
Girgensohn, Andreas	(2)	IBM Thomas J. Watson Research Center
Lee, Alison	(2)	IBM Thomas J. Watson Research Center
Hellerstein, Joseph L.	(2)	IBM Thomas J. Watson Research Center
Podlaseck, Mark	(2)	IBM Thomas J. Watson Research Center
Lin, Ching-Yung	(2)	IBM Thomas J. Watson Research Center
de Souza, Cleidson R. B.	(2)	IBM Thomas J. Watson Research Center
Redmiles, David	(2)	IBM Thomas J. Watson Research Center
Gotz, David	(2)	IBM Thomas J. Watson Research Center
Hu, Yuxiao	(2)	IBM Thomas J. Watson Research Center
Lazar, Jonathan	(2)	IBM Thomas J. Watson Research Center
Wattenberg, Martin	(2)	IBM Thomas J. Watson Research Center
Ackerman, Mark	(2)	IBM Thomas J. Watson Research Center
Kumara, Soundar	(2)	IBM Thomas J. Watson Research Center
Lai, Jennifer	(2)	IBM Thomas J. Watson Research Center
Narayanaswami, Chandra	(2)	IBM Thomas J. Watson Research Center
Pan, Shimei	(2)	IBM Thomas J. Watson Research Center
Naphade, Milind	(2)	IBM Thomas J. Watson Research Center
Ehrlich, Kate	(2)	IBM Thomas J. Watson Research Center
Singley, Mark K.	(2)	IBM Thomas J. Watson Research Center
Patil, Sameer	(2)	IBM Thomas J. Watson Research Center
Kam, Matthew	(2)	IBM Thomas J. Watson Research Center
Johnson, Jeff	(2)	IBM Thomas J. Watson Research Center
Hochheiser, Harry	(2)	IBM Thomas J. Watson Research Center
Daly, Elizabeth	(2)	IBM Thomas J. Watson Research Center
Ding, Xianghua	(2)	IBM Thomas J. Watson Research Center
Pavlovski, Christopher J.	(2)	IBM Thomas J. Watson Research Center
Vergo, John	(2)	IBM Thomas J. Watson Research Center
Vukovic, Maja	(2)	IBM Thomas J. Watson Research Center
Fu, Yun	(2)	IBM Thomas J. Watson Research Center
Benford, Steve	(61)	University of Nottingham
Rodden, Tom	(40)	University of Nottingham
Greenhalgh, Chris	(22)	University of Nottingham
Marshall, Joe	(20)	University of Nottingham
Crabtree, Andy	(18)	University of Nottingham
Reeves, Stuart	(16)	University of Nottingham
Kirk, David	(15)	University of Nottingham
Flintham, Martin	(15)	University of Nottingham
Koleva, Boriana	(12)	University of Nottingham
Chamberlain, Alan	(12)	University of Nottingham
Tolmie, Peter	(12)	University of Nottingham
Sellen, Abigail	(11)	University of Nottingham
Giannachi, Gabriella	(11)	University of Nottingham
Walker, Brendan	(10)	University of Nottingham
Schnädelbach, Holger	(10)	University of Nottingham
Mortier, Richard	(9)	University of Nottingham
Fraser, Mike	(8)	University of Nottingham
Sharples, Sarah	(8)	University of Nottingham
Adams, Matt	(8)	University of Nottingham
Fischer, Joel E.	(8)	University of Nottingham
Pridmore, Tony	(7)	University of Nottingham
Rowland, Duncan	(7)	University of Nottingham
Tennent, Paul	(7)	University of Nottingham
Banks, Richard	(7)	University of Nottingham
Burnett, Gary	(6)	University of Nottingham
Durrant, Abigail	(6)	University of Nottingham
Brundell, Patrick	(6)	University of Nottingham
Rogers, Yvonne	(5)	University of Nottingham
Heath, Christian	(5)	University of Nottingham
Coughlan, Tim	(5)	University of Nottingham
Bayon, Victor	(5)	University of Nottingham
Tandavanitj, Nick	(5)	University of Nottingham
Kirk, David S.	(5)	University of Nottingham
McAuley, Derek	(5)	University of Nottingham
Rennick Egglestone, Stefan	(5)	University of Nottingham
Moran, Stuart	(5)	University of Nottingham
Dix, Alan	(4)	University of Nottingham
Hindmarsh, Jon	(4)	University of Nottingham
O'Malley, Claire	(4)	University of Nottingham
Glover, Kevin	(4)	University of Nottingham
Patel, Harshada	(4)	University of Nottingham
Odom, William	(4)	University of Nottingham
Bachour, Khaled	(4)	University of Nottingham
Pantidi, Nadia	(4)	University of Nottingham
Cobb, Sue	(4)	University of Nottingham
Brown, Michael	(3)	University of Nottingham
Brailsford, Tim	(3)	University of Nottingham
Goulding, James	(3)	University of Nottingham
Jones, Matt	(3)	University of Nottingham
Humble, Jan	(3)	University of Nottingham
Chalmers, Matthew	(3)	University of Nottingham
Cao, Xiang	(3)	University of Nottingham
Ritter, Frank E.	(3)	University of Nottingham
Brown, Barry	(3)	University of Nottingham
Izadi, Shahram	(3)	University of Nottingham
Bowers, John	(3)	University of Nottingham
Oppermann, Leif	(3)	University of Nottingham
Drozd, Adam	(3)	University of Nottingham
Harper, Richard	(3)	University of Nottingham
Boucher, Andy	(3)	University of Nottingham
Wilson, John R.	(3)	University of Nottingham
Sherwood, Scott	(3)	University of Nottingham
Jacobs, Rachel	(3)	University of Nottingham
Fisher, Tony	(3)	University of Nottingham
D'Cruz, Mirabelle	(3)	University of Nottingham
Paxton, Mark	(3)	University of Nottingham
Egglestone, Stefan Rennick	(3)	University of Nottingham
Bedwell, Ben	(3)	University of Nottingham
Lawson, Glyn	(3)	University of Nottingham
Farr, Ju Row	(3)	University of Nottingham
Brown, Anthony	(3)	University of Nottingham
Griffiths, Chloe	(3)	University of Nottingham
Taylor, Ian	(2)	University of Nottingham
Taxén, Gustav	(2)	University of Nottingham
Harris, Eric	(2)	University of Nottingham
Fitzpatrick, Geraldine	(2)	University of Nottingham
Ashman, Helen	(2)	University of Nottingham
Pennington, Sarah	(2)	University of Nottingham
Zuckerman, Oren	(2)	University of Nottingham
Chen, Ling	(2)	University of Nottingham
Bai, Li	(2)	University of Nottingham
Ghali, Ahmed	(2)	University of Nottingham
Green, Jonathan	(2)	University of Nottingham
Massimi, Michael	(2)	University of Nottingham
Wood, Ken	(2)	University of Nottingham
Mackay, Wendy	(2)	University of Nottingham
Hansen, Preben	(2)	University of Nottingham
Adams, Anne	(2)	University of Nottingham
Ng, Kher Hui	(2)	University of Nottingham
Anastasi, Rob	(2)	University of Nottingham
Jackson, Mike	(2)	University of Nottingham
Larsen, Birger	(2)	University of Nottingham
Wilson, John	(2)	University of Nottingham
Sheridan, Jennifer	(2)	University of Nottingham
Lindley, Siân	(2)	University of Nottingham
Brown, Elizabeth	(2)	University of Nottingham
Stefani, Oliver	(2)	University of Nottingham
Hoffmann, Hilko	(2)	University of Nottingham
Griffiths, Gareth	(2)	University of Nottingham
Karaseitanidis, Ioannis	(2)	University of Nottingham