name	count	institution
Microsoft Research	(0)	Microsoft Research
Nokia	(0)	Nokia
IBM Thomas J. Watson Research Center 	(0)	IBM Thomas J. Watson Research Center 
Microsoft Research Cambridge 	(0)	Microsoft Research Cambridge
IBM	(0)	IBM
Microsoft	(0)	Microsoft
IBM Research	(0)	IBM Research
Palo Alto Research Center	(0)	Palo Alto Research Center
Intel Corporation	(0)	Intel Corporation
Google Inc.	(0)	Google Inc.
IBM Almaden Research Center	(0)	IBM Almaden Research Center
Philips Research	(0)	Philips Research
Fraunhofer Institute for Applied Information Technology	(0)	Fraunhofer Institute for Applied Information Technology
Italian National Research Council	(0)	Italian National Research Council
Netherlands Organisation for Applied Scientific Research - TNO	(0)	Netherlands Organisation for Applied Scientific Research - TNO
Grudin, Jonathan	(28)	Microsoft Research
Czerwinski, Mary	(28)	Microsoft Research
Horvitz, Eric	(22)	Microsoft Research
Hinckley, Ken	(19)	Microsoft Research
Tan, Desney	(19)	Microsoft Research
White, Ryen W.	(18)	Microsoft Research
Cutrell, Edward	(18)	Microsoft Research
Morris, Meredith Ringel	(18)	Microsoft Research
Teevan, Jaime	(18)	Microsoft Research
Benko, Hrvoje	(16)	Microsoft Research
Morris, Dan	(14)	Microsoft Research
Tan, Desney S.	(14)	Microsoft Research
Lee, Bongshin	(13)	Microsoft Research
Counts, Scott	(13)	Microsoft Research
Wilson, Andrew D.	(12)	Microsoft Research
Baudisch, Patrick	(10)	Microsoft Research
Paek, Tim	(10)	Microsoft Research
Robertson, George	(10)	Microsoft Research
Smith, Greg	(10)	Microsoft Research
Brush, A.J. Bernheim	(9)	Microsoft Research
Balakrishnan, Ravin	(7)	Microsoft Research
Dumais, Susan T.	(7)	Microsoft Research
Karlson, Amy K.	(7)	Microsoft Research
Drucker, Steven M.	(7)	Microsoft Research
Agrawala, Maneesh	(6)	Microsoft Research
Fisher, Danyel	(6)	Microsoft Research
Buxton, Bill	(6)	Microsoft Research
Iqbal, Shamsi T.	(6)	Microsoft Research
Inkpen, Kori	(6)	Microsoft Research
Brush, A. J. Bernheim	(6)	Microsoft Research
Meyers, Brian	(6)	Microsoft Research
Scott, James	(6)	Microsoft Research
Venolia, Gina	(6)	Microsoft Research
Inkpen, Kori M.	(5)	Microsoft Research
Sarin, Raman	(5)	Microsoft Research
Cao, Xiang	(5)	Microsoft Research
Saponas, T. Scott	(5)	Microsoft Research
Tunkelang, Daniel	(5)	Microsoft Research
Tang, John C.	(5)	Microsoft Research
Gulwani, Sumit	(5)	Microsoft Research
Sinclair, Mike	(5)	Microsoft Research
Kules, Bill	(5)	Microsoft Research
André, Paul	(5)	Microsoft Research
Capra, Robert	(5)	Microsoft Research
De Choudhury, Munmun	(5)	Microsoft Research
Robertson, George G.	(4)	Microsoft Research
Wobbrock, Jacob O.	(4)	Microsoft Research
Hutchings, Dugald Ralph	(4)	Microsoft Research
Toyama, Kentaro	(4)	Microsoft Research
Mahajan, Ratul	(4)	Microsoft Research
Thies, William	(4)	Microsoft Research
Wigdor, Daniel	(4)	Microsoft Research
Patel, Shwetak N.	(4)	Microsoft Research
Villar, Nicolas	(4)	Microsoft Research
Sellen, Abigail	(4)	Microsoft Research
Brush, A. J.	(4)	Microsoft Research
Zhang, Zhengyou	(4)	Microsoft Research
Smith, Catherine L.	(4)	Microsoft Research
Smith, Marc	(4)	Microsoft Research
schraefel, m.c.	(4)	Microsoft Research
Roseway, Asta	(4)	Microsoft Research
Banks, Richard	(4)	Microsoft Research
Monroy-Hernández, Andrés	(4)	Microsoft Research
Hoff, Aaron	(4)	Microsoft Research
Johns, Paul	(4)	Microsoft Research
Henry Riche, Nathalie	(4)	Microsoft Research
Czerwinski, Mary P.	(3)	Microsoft Research
Bederson, Benjamin B.	(3)	Microsoft Research
Stasko, John	(3)	Microsoft Research
Salesin, David	(3)	Microsoft Research
Dumais, Susan	(3)	Microsoft Research
Cohen, Michael	(3)	Microsoft Research
Jacobs, Charles	(3)	Microsoft Research
Golovchinsky, Gene	(3)	Microsoft Research
Marshall, Catherine C.	(3)	Microsoft Research
Ishii, Hiroshi	(3)	Microsoft Research
Drucker, Steven	(3)	Microsoft Research
Yuan, Junsong	(3)	Microsoft Research
Jung, Jaeyeon	(3)	Microsoft Research
Moscovich, Tomer	(3)	Microsoft Research
Izadi, Shahram	(3)	Microsoft Research
Shilman, Michael	(3)	Microsoft Research
Chetty, Marshini	(3)	Microsoft Research
Oliver, Nuria	(3)	Microsoft Research
Consolvo, Sunny	(3)	Microsoft Research
Guimbretiere, Francois	(3)	Microsoft Research
Ramos, Gonzalo	(3)	Microsoft Research
Jones, William	(3)	Microsoft Research
Farnham, Shelly	(3)	Microsoft Research
Neustaedter, Carman	(3)	Microsoft Research
Saroiu, Stefan	(3)	Microsoft Research
Krumm, John	(3)	Microsoft Research
Gupta, Anoop	(3)	Microsoft Research
Robbins, Daniel	(3)	Microsoft Research
Adar, Eytan	(3)	Microsoft Research
Rui, Yong	(3)	Microsoft Research
Donner, Jonathan	(3)	Microsoft Research
Robbins, Daniel C.	(3)	Microsoft Research
Egelman, Serge	(3)	Microsoft Research
Bragdon, Andrew	(3)	Microsoft Research
Häkkilä, Jonna	(37)	Nokia
Lucero, Andrés	(21)	Nokia
Väänänen-Vainio-Mattila, Kaisa	(19)	Nokia
Liu, Ying	(14)	Nokia
Roto, Virpi	(12)	Nokia
Korhonen, Hannu	(12)	Nokia
Mäntyjärvi, Jani	(11)	Nokia
Reponen, Erika	(11)	Nokia
Jokela, Tero	(11)	Nokia
Wang, Kongqiao	(10)	Nokia
Kildal, Johan	(9)	Nokia
Lantz, Vuokko	(8)	Nokia
Wang, Xia	(8)	Nokia
Blom, Jan	(7)	Nokia
Isomursu, Minna	(7)	Nokia
Schmidt, Albrecht	(7)	Nokia
Holopainen, Jussi	(7)	Nokia
Spasojevic, Mirjana	(6)	Nokia
Oulasvirta, Antti	(6)	Nokia
Olsson, Thomas	(6)	Nokia
Boberg, Marion	(6)	Nokia
Chen, Xiang	(5)	Nokia
Cui, Yanqing	(5)	Nokia
Huuskonen, Pertti	(5)	Nokia
Arrasvuori, Juha	(5)	Nokia
Setlur, Vidya	(5)	Nokia
Mäkelä, Kaj	(5)	Nokia
Huhtala, Jussi	(5)	Nokia
Karukka, Minna	(5)	Nokia
Puikkonen, Arto	(5)	Nokia
Prata, Wilson	(5)	Nokia
Aaltonen, Viljakaisa	(5)	Nokia
Tian, Feng	(4)	Nokia
Kaye, Joseph 'Jofish'	(4)	Nokia
Raisamo, Roope	(4)	Nokia
Zhang, Xu	(4)	Nokia
Juhlin, Oskar	(4)	Nokia
Rukzio, Enrico	(4)	Nokia
Holleis, Paul	(4)	Nokia
Kaikkonen, Anne	(4)	Nokia
Mihalic, Kristijan	(4)	Nokia
Holm, Jukka	(4)	Nokia
Montola, Markus	(4)	Nokia
Rantala, Jussi	(4)	Nokia
Ahtinen, Aino	(4)	Nokia
Lehtiniemi, Arto	(4)	Nokia
Vetek, Akos	(4)	Nokia
Paasovaara, Susanna	(4)	Nokia
Ahmaniemi, Teemu	(4)	Nokia
Ventä, Leena	(4)	Nokia
Suhonen, Katja	(4)	Nokia
Keränen, Jaakko	(4)	Nokia
Kauko, Jarmo	(4)	Nokia
Sarjanoja, Ari-Heikki	(4)	Nokia
Åkerman, Panu	(4)	Nokia
Valle, Thiago	(4)	Nokia
Wang, Wei	(3)	Nokia
Wang, Hao	(3)	Nokia
Billinghurst, Mark	(3)	Nokia
Hassenzahl, Marc	(3)	Nokia
Jacucci, Giulio	(3)	Nokia
Kaaresoja, Topi	(3)	Nokia
Liu, Ning	(3)	Nokia
Aliakseyeu, Dzmitry	(3)	Nokia
Dai, Guozhong	(3)	Nokia
Lehikoinen, Jaakko	(3)	Nokia
Chipchase, Jan	(3)	Nokia
Lehikoinen, Juha	(3)	Nokia
Ketola, Pekka	(3)	Nokia
Aaltonen, Antti	(3)	Nokia
Lehikoinen, Jaakko T.	(3)	Nokia
Ledlie, Jonathan	(3)	Nokia
Wang, Hongan	(3)	Nokia
Sohn, Timothy	(3)	Nokia
Obrist, Marianna	(3)	Nokia
Dicke, Christina	(3)	Nokia
Lemmelä, Saija	(3)	Nokia
Go, Janet	(3)	Nokia
Koponen, Tiina	(3)	Nokia
Paldanius, Mikko	(3)	Nokia
Feijó Filho, Jackson	(3)	Nokia
Surakka, Veikko	(2)	Nokia
Saari, Timo	(2)	Nokia
Jones, Matt	(2)	Nokia
Schrader, Martin	(2)	Nokia
Wang, Jie	(2)	Nokia
Liu, Jun	(2)	Nokia
Boda, Péter Pál	(2)	Nokia
Law, Effie Lai-Chong	(2)	Nokia
Kujala, Sari	(2)	Nokia
Linjama, Jukka	(2)	Nokia
Jokela, Timo	(2)	Nokia
Lyons, Kent	(2)	Nokia
Subramanian, Sriram	(2)	Nokia
Kirk, David	(2)	Nokia
Li, Hui	(2)	Nokia
Korpipää, Panu	(2)	Nokia
Arhippainen, Leena	(2)	Nokia
Tscheligi, Manfred	(2)	Nokia
Jung, Younghee	(2)	Nokia
Karat, John	(23)	IBM Thomas J. Watson Research Center
Erickson, Thomas	(16)	IBM Thomas J. Watson Research Center
Kellogg, Wendy A.	(16)	IBM Thomas J. Watson Research Center
Karat, Clare-Marie	(15)	IBM Thomas J. Watson Research Center
Trewin, Shari	(11)	IBM Thomas J. Watson Research Center
Thomas, John C.	(10)	IBM Thomas J. Watson Research Center
Brodie, Carolyn	(8)	IBM Thomas J. Watson Research Center
Keates, Simeon	(8)	IBM Thomas J. Watson Research Center
Geyer, Werner	(8)	IBM Thomas J. Watson Research Center
Hanson, Vicki L.	(8)	IBM Thomas J. Watson Research Center
Muller, Michael	(7)	IBM Thomas J. Watson Research Center
John, Bonnie E.	(7)	IBM Thomas J. Watson Research Center
Thomas, John	(7)	IBM Thomas J. Watson Research Center
Millen, David R.	(6)	IBM Thomas J. Watson Research Center
Shami, N. Sadat	(6)	IBM Thomas J. Watson Research Center
Blevis, Eli	(6)	IBM Thomas J. Watson Research Center
Danis, Catalina	(6)	IBM Thomas J. Watson Research Center
Pan, Yue	(5)	IBM Thomas J. Watson Research Center
Carroll, John M.	(5)	IBM Thomas J. Watson Research Center
Brownholtz, Beth	(5)	IBM Thomas J. Watson Research Center
Richards, John T.	(5)	IBM Thomas J. Watson Research Center
Millen, David	(5)	IBM Thomas J. Watson Research Center
Feng, Jinjuan	(5)	IBM Thomas J. Watson Research Center
Bellamy, Rachel	(5)	IBM Thomas J. Watson Research Center
Swart, Cal	(5)	IBM Thomas J. Watson Research Center
Sears, Andrew	(4)	IBM Thomas J. Watson Research Center
Farrell, Robert G.	(4)	IBM Thomas J. Watson Research Center
Cheng, Li-Te	(4)	IBM Thomas J. Watson Research Center
Thom-Santelli, Jennifer	(4)	IBM Thomas J. Watson Research Center
Light, Ann	(4)	IBM Thomas J. Watson Research Center
Potamianos, Gerasimos	(4)	IBM Thomas J. Watson Research Center
Richards, John	(4)	IBM Thomas J. Watson Research Center
Ellis, Jason B.	(4)	IBM Thomas J. Watson Research Center
Dugan, Casey	(4)	IBM Thomas J. Watson Research Center
Sambasivan, Nithya	(4)	IBM Thomas J. Watson Research Center
Rosson, Mary Beth	(3)	IBM Thomas J. Watson Research Center
Huang, Thomas S.	(3)	IBM Thomas J. Watson Research Center
Feiner, Steven	(3)	IBM Thomas J. Watson Research Center
Muller, Michael J.	(3)	IBM Thomas J. Watson Research Center
Carroll, John	(3)	IBM Thomas J. Watson Research Center
Kjeldsen, Rick	(3)	IBM Thomas J. Watson Research Center
Wen, Zhen	(3)	IBM Thomas J. Watson Research Center
Dray, Susan	(3)	IBM Thomas J. Watson Research Center
Greene, Sharon L.	(3)	IBM Thomas J. Watson Research Center
Dearden, Andy	(3)	IBM Thomas J. Watson Research Center
Perer, Adam	(3)	IBM Thomas J. Watson Research Center
Kellogg, Wendy	(3)	IBM Thomas J. Watson Research Center
Guy, Ido	(3)	IBM Thomas J. Watson Research Center
Bailey, Mark	(3)	IBM Thomas J. Watson Research Center
Brezin, Jonathan	(3)	IBM Thomas J. Watson Research Center
Buckhalter, Celeste	(3)	IBM Thomas J. Watson Research Center
Danis, Catalina M.	(3)	IBM Thomas J. Watson Research Center
Alpert, Sherman R.	(3)	IBM Thomas J. Watson Research Center
Karger, David R.	(2)	IBM Thomas J. Watson Research Center
Gay, Geri	(2)	IBM Thomas J. Watson Research Center
Brown, Aaron B.	(2)	IBM Thomas J. Watson Research Center
Joshi, Rajiv	(2)	IBM Thomas J. Watson Research Center
Chao, Tian	(2)	IBM Thomas J. Watson Research Center
Hurst, Amy	(2)	IBM Thomas J. Watson Research Center
Wilcox, Eric	(2)	IBM Thomas J. Watson Research Center
Karat, C. M.	(2)	IBM Thomas J. Watson Research Center
Karat, J.	(2)	IBM Thomas J. Watson Research Center
Thomas, J. C.	(2)	IBM Thomas J. Watson Research Center
Hancock, Jeffrey T.	(2)	IBM Thomas J. Watson Research Center
Sutcliffe, Alistair	(2)	IBM Thomas J. Watson Research Center
Sahu, Sambit	(2)	IBM Thomas J. Watson Research Center
Patterson, John	(2)	IBM Thomas J. Watson Research Center
Das, Rajarshi	(2)	IBM Thomas J. Watson Research Center
Topkara, Mercan	(2)	IBM Thomas J. Watson Research Center
Zeng, Zhihong	(2)	IBM Thomas J. Watson Research Center
Edwards, W. Keith	(2)	IBM Thomas J. Watson Research Center
Girgensohn, Andreas	(2)	IBM Thomas J. Watson Research Center
Lee, Alison	(2)	IBM Thomas J. Watson Research Center
Hellerstein, Joseph L.	(2)	IBM Thomas J. Watson Research Center
Podlaseck, Mark	(2)	IBM Thomas J. Watson Research Center
Lin, Ching-Yung	(2)	IBM Thomas J. Watson Research Center
de Souza, Cleidson R. B.	(2)	IBM Thomas J. Watson Research Center
Redmiles, David	(2)	IBM Thomas J. Watson Research Center
Gotz, David	(2)	IBM Thomas J. Watson Research Center
Hu, Yuxiao	(2)	IBM Thomas J. Watson Research Center
Lazar, Jonathan	(2)	IBM Thomas J. Watson Research Center
Wattenberg, Martin	(2)	IBM Thomas J. Watson Research Center
Ackerman, Mark	(2)	IBM Thomas J. Watson Research Center
Kumara, Soundar	(2)	IBM Thomas J. Watson Research Center
Lai, Jennifer	(2)	IBM Thomas J. Watson Research Center
Narayanaswami, Chandra	(2)	IBM Thomas J. Watson Research Center
Pan, Shimei	(2)	IBM Thomas J. Watson Research Center
Naphade, Milind	(2)	IBM Thomas J. Watson Research Center
Ehrlich, Kate	(2)	IBM Thomas J. Watson Research Center
Singley, Mark K.	(2)	IBM Thomas J. Watson Research Center
Patil, Sameer	(2)	IBM Thomas J. Watson Research Center
Kam, Matthew	(2)	IBM Thomas J. Watson Research Center
Johnson, Jeff	(2)	IBM Thomas J. Watson Research Center
Hochheiser, Harry	(2)	IBM Thomas J. Watson Research Center
Daly, Elizabeth	(2)	IBM Thomas J. Watson Research Center
Ding, Xianghua	(2)	IBM Thomas J. Watson Research Center
Pavlovski, Christopher J.	(2)	IBM Thomas J. Watson Research Center
Vergo, John	(2)	IBM Thomas J. Watson Research Center
Vukovic, Maja	(2)	IBM Thomas J. Watson Research Center
Fu, Yun	(2)	IBM Thomas J. Watson Research Center
Sellen, Abigail	(47)	Microsoft Research Cambridge
Harper, Richard	(34)	Microsoft Research Cambridge
Taylor, Alex S.	(27)	Microsoft Research Cambridge
Izadi, Shahram	(21)	Microsoft Research Cambridge
Banks, Richard	(21)	Microsoft Research Cambridge
Kirk, David	(16)	Microsoft Research Cambridge
O'Hara, Kenton	(15)	Microsoft Research Cambridge
Villar, Nicolas	(15)	Microsoft Research Cambridge
Regan, Tim	(13)	Microsoft Research Cambridge
Cao, Xiang	(11)	Microsoft Research Cambridge
Lindley, Siân E.	(11)	Microsoft Research Cambridge
Lindley, Siân	(10)	Microsoft Research Cambridge
Swan, Laurel	(9)	Microsoft Research Cambridge
Helmes, John	(9)	Microsoft Research Cambridge
Milic-Frayling, Natasa	(8)	Microsoft Research Cambridge
Massimi, Michael	(8)	Microsoft Research Cambridge
Odom, William	(8)	Microsoft Research Cambridge
Taylor, Stuart	(8)	Microsoft Research Cambridge
Scott, James	(7)	Microsoft Research Cambridge
Hodges, Steve	(7)	Microsoft Research Cambridge
Mentis, Helena M.	(7)	Microsoft Research Cambridge
Jones, Rachel	(7)	Microsoft Research Cambridge
Oleksik, Gerard	(7)	Microsoft Research Cambridge
Wood, Ken	(6)	Microsoft Research Cambridge
Frohlich, David	(6)	Microsoft Research Cambridge
Kjeldskov, Jesper	(5)	Microsoft Research Cambridge
Paay, Jeni	(5)	Microsoft Research Cambridge
Hilliges, Otmar	(5)	Microsoft Research Cambridge
Taylor, Alex	(5)	Microsoft Research Cambridge
Rogers, Yvonne	(4)	Microsoft Research Cambridge
Thereska, Eno	(4)	Microsoft Research Cambridge
Mentis, Helena	(4)	Microsoft Research Cambridge
Kirk, David S.	(4)	Microsoft Research Cambridge
Durrant, Abigail	(4)	Microsoft Research Cambridge
Kazai, Gabriella	(3)	Microsoft Research Cambridge
Harper, R.	(3)	Microsoft Research Cambridge
Rother, Carsten	(3)	Microsoft Research Cambridge
Randall, Dave	(3)	Microsoft Research Cambridge
Marsden, Gary	(3)	Microsoft Research Cambridge
Brown, Lorna M.	(3)	Microsoft Research Cambridge
Olivier, Patrick	(3)	Microsoft Research Cambridge
Chen, Nicholas	(3)	Microsoft Research Cambridge
Costello, Jamie	(3)	Microsoft Research Cambridge
Lindley, Siín E.	(3)	Microsoft Research Cambridge
Kalnikaite, Vaiva	(3)	Microsoft Research Cambridge
McCarthy, John	(2)	Microsoft Research Cambridge
Wright, Peter	(2)	Microsoft Research Cambridge
Rodden, Tom	(2)	Microsoft Research Cambridge
Brusilovsky, Peter	(2)	Microsoft Research Cambridge
Criminisi, Antonio	(2)	Microsoft Research Cambridge
Benko, Hrvoje	(2)	Microsoft Research Cambridge
Guimbretière, François	(2)	Microsoft Research Cambridge
Whittaker, Steve	(2)	Microsoft Research Cambridge
Chetty, Marshini	(2)	Microsoft Research Cambridge
Perry, Mark	(2)	Microsoft Research Cambridge
Buxton, William	(2)	Microsoft Research Cambridge
Hinckley, Ken	(2)	Microsoft Research Cambridge
Paulos, Eric	(2)	Microsoft Research Cambridge
Sundström, Petra	(2)	Microsoft Research Cambridge
Rouncefield, Mark	(2)	Microsoft Research Cambridge
Sellen, Abigail J.	(2)	Microsoft Research Cambridge
Smyth, Gavin	(2)	Microsoft Research Cambridge
Kohli, Pushmeet	(2)	Microsoft Research Cambridge
van den Hoven, Elise	(2)	Microsoft Research Cambridge
Eardley, Rachel	(2)	Microsoft Research Cambridge
Gerken, Jens	(2)	Microsoft Research Cambridge
Maunder, Andrew	(2)	Microsoft Research Cambridge
Wallace, Jayne	(2)	Microsoft Research Cambridge
Kuznetsov, Stacey	(2)	Microsoft Research Cambridge
Glancy, Maxine	(2)	Microsoft Research Cambridge
Coyle, David	(2)	Microsoft Research Cambridge
Reddy, Madhu	(2)	Microsoft Research Cambridge
Pschetz, Larissa	(2)	Microsoft Research Cambridge
Hicks, Martin	(2)	Microsoft Research Cambridge
Rubens, Simon	(2)	Microsoft Research Cambridge
Jetter, Hans-Christian	(2)	Microsoft Research Cambridge
Randall, D.	(2)	Microsoft Research Cambridge
Evans, C.	(2)	Microsoft Research Cambridge
Heledd, L.	(2)	Microsoft Research Cambridge
Moore, R.	(2)	Microsoft Research Cambridge
Golsteijn, Connie	(2)	Microsoft Research Cambridge
Rosenfeld, Dan	(2)	Microsoft Research Cambridge
Smyth, Nicola	(2)	Microsoft Research Cambridge
Lingel, Jessica	(2)	Microsoft Research Cambridge
O'hara, Kenton	(2)	Microsoft Research Cambridge
Thieme, Anja	(2)	Microsoft Research Cambridge
O'Hara, Kenton P.	(2)	Microsoft Research Cambridge
Danezis, George	(1)	Microsoft Research Cambridge
Thimbleby, Harold	(1)	Microsoft Research Cambridge
Key, Peter	(1)	Microsoft Research Cambridge
Wobbrock, Jacob O.	(1)	Microsoft Research Cambridge
Tian, Feng	(1)	Microsoft Research Cambridge
Ipeirotis, Panagiotis G.	(1)	Microsoft Research Cambridge
Kitamura, Yoshifumi	(1)	Microsoft Research Cambridge
Li, Guang	(1)	Microsoft Research Cambridge
Stewart, Craig	(1)	Microsoft Research Cambridge
Lalonde, Jean-François	(1)	Microsoft Research Cambridge
Rosson, Mary Beth	(1)	Microsoft Research Cambridge
Baecker, Ron	(1)	Microsoft Research Cambridge
Borchers, Jan	(1)	Microsoft Research Cambridge
Muller, Michael	(9)	IBM
Kleindienst, Jan	(9)	IBM
Vredenburg, Karel	(6)	IBM
Macek, Tomáš	(6)	IBM
Instone, Keith	(5)	IBM
Lewis, James R.	(5)	IBM
Labský, Martin	(5)	IBM
Sauro, Jeff	(4)	IBM
Geyer, Werner	(4)	IBM
Kogan, Sandra	(4)	IBM
Takagi, Hironobu	(4)	IBM
Asakawa, Chieko	(4)	IBM
Matthews, Tara	(4)	IBM
Sampson, Fred	(4)	IBM
Cuřín, Jan	(4)	IBM
Lau, Tessa	(3)	IBM
Muller, Michael J.	(3)	IBM
Ehrlich, Kate	(3)	IBM
McInerney, Paul	(3)	IBM
Lindgaard, Gitte	(3)	IBM
Guy, Ido	(3)	IBM
John, Bonnie	(3)	IBM
Bird, Colin	(3)	IBM
Quast, Holger	(3)	IBM
Sears, Andrew	(2)	IBM
Schuurmans, Johan	(2)	IBM
Brownholtz, Beth	(2)	IBM
Millen, David R.	(2)	IBM
Wilcox, Eric	(2)	IBM
Nassif, Sani	(2)	IBM
Trewin, Shari	(2)	IBM
Zurko, Mary Ellen	(2)	IBM
Whittaker, Steve	(2)	IBM
Yesha, Yelena	(2)	IBM
Carroll, John	(2)	IBM
Cordy, James R.	(2)	IBM
Simoff, Simeon J.	(2)	IBM
Moran, Thomas P.	(2)	IBM
Smith, Paul W.	(2)	IBM
Carey, Tom	(2)	IBM
Mao, Ji-Ye	(2)	IBM
Dray, Susan	(2)	IBM
Cohen, Maxine S.	(2)	IBM
Boyer, John M.	(2)	IBM
Zhao, Chen	(2)	IBM
Beymer, David	(2)	IBM
Khoury, Gerald R.	(2)	IBM
Pierce, Robert	(2)	IBM
Chignell, Mark	(2)	IBM
Roberts, Dave	(2)	IBM
Mahmud, Jalal	(2)	IBM
Dringus, Laurie P.	(2)	IBM
Jain, Jhilmil	(2)	IBM
Ronen, Inbal	(2)	IBM
Tahoori, Mehdi	(2)	IBM
Dugan, Casey	(2)	IBM
Rajput, Nitendra	(2)	IBM
Badenes, Hernan	(2)	IBM
Kunc, Ladislav	(2)	IBM
Liao, Qinying	(2)	IBM
Farmer, Mark	(2)	IBM
Wiecha, Charles F.	(2)	IBM
Lund, Arnie	(2)	IBM
Ng, Joanna W.	(2)	IBM
Hornstein, Susan B.	(2)	IBM
Carreno-Fuentes, Arnaldo	(2)	IBM
Young, Hoi	(2)	IBM
Thyme-Gobbel, Ann	(2)	IBM
Zijlstra, Ellis	(1)	IBM
Marcus, Aaron	(1)	IBM
Elbaum, Sebastian	(1)	IBM
Furuta, Kazuo	(1)	IBM
Perrig, Adrian	(1)	IBM
Dutt, Nikil	(1)	IBM
Zolotov, Vladimir	(1)	IBM
Henkel, Jörg	(1)	IBM
Chang, Hongliang	(1)	IBM
Gupta, Puneet	(1)	IBM
Shaw, Mary	(1)	IBM
Chai, J.	(1)	IBM
Karat, Clare-Marie	(1)	IBM
Karat, John	(1)	IBM
Stolze, Markus	(1)	IBM
Hefley, Bill	(1)	IBM
Keates, Simeon	(1)	IBM
Isensee, Scott	(1)	IBM
Rosson, Mary Beth	(1)	IBM
Dittrich, Yvonne	(1)	IBM
Millard, David E.	(1)	IBM
Hudson, Scott E.	(1)	IBM
Hurst, Amy	(1)	IBM
Lin, James	(1)	IBM
Neal, Lisa	(1)	IBM
Nassif, Sani R.	(1)	IBM
Kummamuru, Krishna	(1)	IBM
Gorlenko, L.	(1)	IBM
Merrick, R.	(1)	IBM
Schulz, C.	(1)	IBM
Willuhn, D.	(1)	IBM
Knoth-Weber, L.	(1)	IBM
Wixon, Dennis	(14)	Microsoft
Wigdor, Daniel	(7)	Microsoft
Lund, Arnie	(7)	Microsoft
Jain, Jhilmil	(6)	Microsoft
Czerwinski, Mary	(5)	Microsoft
Rohn, Janice	(5)	Microsoft
Farooq, Umer	(4)	Microsoft
Rosenberg, Dan	(4)	Microsoft
Lund, Arnold	(4)	Microsoft
Carroll, John M.	(3)	Microsoft
Dietz, Paul	(3)	Microsoft
Cockton, Gilbert	(3)	Microsoft
Zhang, Jiajie	(3)	Microsoft
Benko, Hrvoje	(3)	Microsoft
Izadi, Shahram	(3)	Microsoft
Courage, Catherine	(3)	Microsoft
Ramos, Gonzalo	(3)	Microsoft
Rosenbaum, Stephanie	(3)	Microsoft
Drucker, Steven M.	(3)	Microsoft
Butler, Keith A.	(3)	Microsoft
Hammontree, Monty	(3)	Microsoft
Rosenfeld, Dan	(3)	Microsoft
Kumar, Janaki	(3)	Microsoft
Myers, Brad A.	(2)	Microsoft
White, Ryen W.	(2)	Microsoft
Instone, Keith	(2)	Microsoft
Marshall, Catherine C.	(2)	Microsoft
Rosenberg, Daniel	(2)	Microsoft
Cao, Xiang	(2)	Microsoft
Balakrishnan, Ravin	(2)	Microsoft
Wulf, Volker	(2)	Microsoft
Burnett, Margaret	(2)	Microsoft
Lazar, Jonathan	(2)	Microsoft
Churchill, Elizabeth	(2)	Microsoft
Morris, Meredith Ringel	(2)	Microsoft
Morris, Dan	(2)	Microsoft
Grigoreanu, Valentina	(2)	Microsoft
Arent, Michael	(2)	Microsoft
Kieras, David	(2)	Microsoft
Dray, Susan	(2)	Microsoft
Karlson, Amy K.	(2)	Microsoft
Hinckley, Ken	(2)	Microsoft
Brush, A.J. Bernheim	(2)	Microsoft
Bevan, Nigel	(2)	Microsoft
Wichansky, Anna	(2)	Microsoft
Ashley, Jeremy	(2)	Microsoft
Teevan, Jaime	(2)	Microsoft
Pruitt, John	(2)	Microsoft
Sykes, Jonathan	(2)	Microsoft
Lee, Brian	(2)	Microsoft
Reeder, Robert W.	(2)	Microsoft
Bach, Paula M.	(2)	Microsoft
Dray, Susan M.	(2)	Microsoft
Lindgaard, Gitte	(2)	Microsoft
Ragouzis, Nick	(2)	Microsoft
Morrison, Gerald	(2)	Microsoft
Strommen, Erik	(2)	Microsoft
Tsai, Janice	(2)	Microsoft
Antin, Judd	(2)	Microsoft
Kolhatkar, Madhuri	(2)	Microsoft
Boulanger, Cati	(2)	Microsoft
Ng, Albert	(2)	Microsoft
Keeker, Kevin	(2)	Microsoft
Lazzaro, Nicole	(2)	Microsoft
Sears, Andrew	(1)	Microsoft
Marcus, Aaron	(1)	Microsoft
Li, Hang	(1)	Microsoft
Salesin, David	(1)	Microsoft
Wiedenbeck, Susan	(1)	Microsoft
Haller, Michael	(1)	Microsoft
Ma, Wei-Ying	(1)	Microsoft
Gay, Geri	(1)	Microsoft
Moraveji, Neema	(1)	Microsoft
Sarin, Raman	(1)	Microsoft
Cutrell, Edward	(1)	Microsoft
Nijholt, Anton	(1)	Microsoft
Riedl, John	(1)	Microsoft
Shaw, Mary	(1)	Microsoft
Lieberman, Henry	(1)	Microsoft
Gulliksen, Jan	(1)	Microsoft
Rosson, Mary Beth	(1)	Microsoft
Borchers, Jan	(1)	Microsoft
Schrier, Evan	(1)	Microsoft
Jacobs, Charles	(1)	Microsoft
Rothermel, Gregg	(1)	Microsoft
Landay, James A.	(1)	Microsoft
Dietz, Paul H.	(1)	Microsoft
Ishii, Hiroshi	(1)	Microsoft
Xu, Jun	(1)	Microsoft
Vredenburg, Karel	(1)	Microsoft
Garrett, Jesse James	(1)	Microsoft
Marchionini, Gary	(1)	Microsoft
Picard, Rosalind W.	(1)	Microsoft
Henderson, Austin	(1)	Microsoft
Hancock, Jeffrey T.	(1)	Microsoft
Pagulayan, Randy	(1)	Microsoft
Dontcheva, Mira	(1)	Microsoft
Chen, Billy	(1)	Microsoft
Sutcliffe, Alistair	(1)	Microsoft
Scholtz, Jean	(1)	Microsoft
Rajput, Nitendra	(14)	IBM Research
Muller, Michael	(8)	IBM Research
Muller, Michael J.	(8)	IBM Research
Zhou, Michelle X.	(7)	IBM Research
Guy, Ido	(7)	IBM Research
Millen, David R.	(6)	IBM Research
Matthews, Tara	(5)	IBM Research
Wattenberg, Martin	(5)	IBM Research
Srivastava, Saurabh	(5)	IBM Research
Pan, Yingxin	(5)	IBM Research
Agarwal, Sheetal K.	(5)	IBM Research
Liao, Qinying	(5)	IBM Research
Jones, Matt	(4)	IBM Research
Turunen, Markku	(4)	IBM Research
Geyer, Werner	(4)	IBM Research
Pinhanez, Claudio	(4)	IBM Research
Asakawa, Chieko	(4)	IBM Research
Jain, Anupam	(4)	IBM Research
Thomas, John C.	(3)	IBM Research
Burnett, Margaret	(3)	IBM Research
Shi, Lei	(3)	IBM Research
Cheng, Li-Te	(3)	IBM Research
Takagi, Hironobu	(3)	IBM Research
Whittaker, Steve	(3)	IBM Research
Lai, Jennifer	(3)	IBM Research
Ehrlich, Kate	(3)	IBM Research
Bellamy, Rachel	(3)	IBM Research
Kellogg, Wendy A.	(3)	IBM Research
Kumar, Arun	(3)	IBM Research
Rajput, N.	(3)	IBM Research
Nanavati, A. A.	(3)	IBM Research
Sato, Daisuke	(3)	IBM Research
John, Bonnie	(3)	IBM Research
Nanavati, Amit	(3)	IBM Research
Shneiderman, Ben	(2)	IBM Research
Carmel, David	(2)	IBM Research
Wang, Fei	(2)	IBM Research
Brewster, Stephen	(2)	IBM Research
Luo, Lin	(2)	IBM Research
Patterson, John	(2)	IBM Research
Lau, Tessa	(2)	IBM Research
Podlaseck, Mark	(2)	IBM Research
Jacovi, Michal	(2)	IBM Research
Erickson, Thomas	(2)	IBM Research
Sussman, Jeremy	(2)	IBM Research
Robinson, Simon	(2)	IBM Research
Chandra, Satish	(2)	IBM Research
Chi, Ed H.	(2)	IBM Research
Millen, David	(2)	IBM Research
Ross, Steven	(2)	IBM Research
Paek, Tim	(2)	IBM Research
Shami, N. Sadat	(2)	IBM Research
Tang, John C.	(2)	IBM Research
Viégas, Fernanda B.	(2)	IBM Research
Pan, Shimei	(2)	IBM Research
Danis, Catalina	(2)	IBM Research
Perer, Adam	(2)	IBM Research
Penn, Gerald	(2)	IBM Research
Munteanu, Cosmin	(2)	IBM Research
Nanavati, Amit A.	(2)	IBM Research
Lawrance, Joseph	(2)	IBM Research
Farrell, Robert	(2)	IBM Research
Thomas, John	(2)	IBM Research
Wolf, Tracee Vetting	(2)	IBM Research
Miyashita, Hisashi	(2)	IBM Research
Liu, Shixia	(2)	IBM Research
Assunção, Marcos D.	(2)	IBM Research
Netto, Marco A. S.	(2)	IBM Research
Turunen, M.	(2)	IBM Research
Ronen, Inbal	(2)	IBM Research
Gruen, Daniel M.	(2)	IBM Research
Dugan, Casey	(2)	IBM Research
Jones, Lauretta	(2)	IBM Research
Pinhanez, Claudio S.	(2)	IBM Research
Basson, Sara	(2)	IBM Research
Nanavati, Amit Anil	(2)	IBM Research
Kobayashi, Masatomo	(2)	IBM Research
Chi, Changyan	(2)	IBM Research
Badenes, Hernan	(2)	IBM Research
Dhanesha, Ketki	(2)	IBM Research
Jain, Mohit	(2)	IBM Research
Qian, Weihong	(2)	IBM Research
Manwani, Priyanka	(2)	IBM Research
Martino, Jacquelyn	(2)	IBM Research
Piorkowski, David	(2)	IBM Research
Sultanum, Nicole	(2)	IBM Research
Seetharam, Deva P.	(2)	IBM Research
Mahajan, Gururaj	(2)	IBM Research
Soule, Todd	(2)	IBM Research
Bederson, Benjamin B.	(1)	IBM Research
Kumar, A.	(1)	IBM Research
Kumar, Abhishek	(1)	IBM Research
Schenkel, Ralf	(1)	IBM Research
Cohen, Myra B.	(1)	IBM Research
Koved, Larry	(1)	IBM Research
Fincher, Sally	(1)	IBM Research
Finlay, Janet	(1)	IBM Research
de Vries, Arjen P.	(1)	IBM Research
Lu, Jie	(1)	IBM Research
Zhao, Wei	(1)	IBM Research
Chi, Ed H.	(23)	Palo Alto Research Center
Pirolli, Peter	(18)	Palo Alto Research Center
Ducheneaut, Nicolas	(17)	Palo Alto Research Center
Bellotti, Victoria	(17)	Palo Alto Research Center
Convertino, Gregorio	(11)	Palo Alto Research Center
Hong, Lichan	(10)	Palo Alto Research Center
Nelson, Les	(9)	Palo Alto Research Center
Card, Stuart K.	(6)	Palo Alto Research Center
Yee, Nick	(6)	Palo Alto Research Center
Grinter, Rebecca E.	(5)	Palo Alto Research Center
Dourish, Paul	(5)	Palo Alto Research Center
Woodruff, Allison	(5)	Palo Alto Research Center
Brdiczka, Oliver	(5)	Palo Alto Research Center
Newman, Mark W.	(5)	Palo Alto Research Center
Suh, Bongwon	(5)	Palo Alto Research Center
Chi, Ed	(5)	Palo Alto Research Center
Begole, Bo	(5)	Palo Alto Research Center
Dalal, Brinda	(5)	Palo Alto Research Center
Aoki, Paul M.	(4)	Palo Alto Research Center
Russell, Daniel M.	(4)	Palo Alto Research Center
Moran, Thomas P.	(4)	Palo Alto Research Center
Edwards, W. Keith	(3)	Palo Alto Research Center
Schiano, Diane J.	(3)	Palo Alto Research Center
Smith, Trevor F.	(3)	Palo Alto Research Center
Bernstein, Michael	(3)	Palo Alto Research Center
Fu, Wai-Tat	(3)	Palo Alto Research Center
Kong, Nicholas	(3)	Palo Alto Research Center
Walendowski, Alan	(3)	Palo Alto Research Center
Shneiderman, Ben	(2)	Palo Alto Research Center
Jakobsson, Markus	(2)	Palo Alto Research Center
Weiser, Mark	(2)	Palo Alto Research Center
Mühlhäuser, Max	(2)	Palo Alto Research Center
Saund, Eric	(2)	Palo Alto Research Center
Edwards, Keith	(2)	Palo Alto Research Center
Fishkin, Kenneth P.	(2)	Palo Alto Research Center
Stefik, Mark	(2)	Palo Alto Research Center
John, Bonnie E.	(2)	Palo Alto Research Center
Whittaker, Steve	(2)	Palo Alto Research Center
Chu, Maurice	(2)	Palo Alto Research Center
Gumbrecht, Michelle	(2)	Palo Alto Research Center
Isaacs, Ellen	(2)	Palo Alto Research Center
Card, Stuart	(2)	Palo Alto Research Center
Luyten, Kris	(2)	Palo Alto Research Center
Jones, William	(2)	Palo Alto Research Center
Bobrow, Daniel G.	(2)	Palo Alto Research Center
Asahi, Toshiyuki	(2)	Palo Alto Research Center
Bier, Eric A.	(2)	Palo Alto Research Center
Mackinlay, Jock D.	(2)	Palo Alto Research Center
Harrison, Beverly L.	(2)	Palo Alto Research Center
Price, Bob	(2)	Palo Alto Research Center
Furnas, George	(2)	Palo Alto Research Center
Partridge, Kurt	(2)	Palo Alto Research Center
Blomberg, Jeanette	(2)	Palo Alto Research Center
Budiu, Raluca	(2)	Palo Alto Research Center
Suchman, Lucy	(2)	Palo Alto Research Center
Szymanski, Margaret H.	(2)	Palo Alto Research Center
Chen, Jilin	(2)	Palo Alto Research Center
Billman, Dorrit	(2)	Palo Alto Research Center
Trigg, Randall H.	(2)	Palo Alto Research Center
Kittur, Aniket	(2)	Palo Alto Research Center
Busse, Daniela K.	(2)	Palo Alto Research Center
Su, Norman Makoto	(2)	Palo Alto Research Center
Begole, James Bo	(2)	Palo Alto Research Center
Nairn, Rowan	(2)	Palo Alto Research Center
Kairam, Sanjay	(2)	Palo Alto Research Center
Huber, Jochen	(2)	Palo Alto Research Center
Suzuki, Shunsuke	(2)	Palo Alto Research Center
Baez, Marcos	(2)	Palo Alto Research Center
Schnelle-Walka, Dirk	(2)	Palo Alto Research Center
Hanrahan, Ben	(2)	Palo Alto Research Center
Grinstein, Georges	(1)	Palo Alto Research Center
Thimbleby, Harold	(1)	Palo Alto Research Center
Zhang, Wei	(1)	Palo Alto Research Center
Fidel, Raya	(1)	Palo Alto Research Center
Shrager, Jeff	(1)	Palo Alto Research Center
Pausch, Randy	(1)	Palo Alto Research Center
Perlman, Gary	(1)	Palo Alto Research Center
Churchill, Elizabeth F.	(1)	Palo Alto Research Center
Landay, James A.	(1)	Palo Alto Research Center
Hong, Jason I.	(1)	Palo Alto Research Center
Hurst, Amy	(1)	Palo Alto Research Center
Lin, James	(1)	Palo Alto Research Center
Bødker, Susanne	(1)	Palo Alto Research Center
Ishii, Hiroshi	(1)	Palo Alto Research Center
Millen, David R.	(1)	Palo Alto Research Center
Want, Roy	(1)	Palo Alto Research Center
Yang, Liu	(1)	Palo Alto Research Center
Henderson, Austin	(1)	Palo Alto Research Center
Rosenholtz, Ruth	(1)	Palo Alto Research Center
Benford, Steve	(1)	Palo Alto Research Center
Wang, Ji	(1)	Palo Alto Research Center
Archambeau, Cedric	(1)	Palo Alto Research Center
Balfanz, Dirk	(1)	Palo Alto Research Center
Brown, Barry	(1)	Palo Alto Research Center
Greenhalgh, Chris	(1)	Palo Alto Research Center
Zhai, Shumin	(1)	Palo Alto Research Center
Wetzel, Susanne	(1)	Palo Alto Research Center
De Michelis, Giorgio	(1)	Palo Alto Research Center
Höök, Kristina	(1)	Palo Alto Research Center
Durfee, Glenn	(1)	Palo Alto Research Center
Dourish, Paul	(8)	Intel Corporation
Anderson, Ken	(8)	Intel Corporation
Consolvo, Sunny	(7)	Intel Corporation
Woodruff, Allison	(6)	Intel Corporation
Nachman, Lama	(6)	Intel Corporation
Lyons, Kent	(5)	Intel Corporation
Sengers, Phoebe	(5)	Intel Corporation
Zhang, Yimin	(4)	Intel Corporation
Smith, Ian	(4)	Intel Corporation
Loi, Daria	(4)	Intel Corporation
Hu, Wei	(3)	Intel Corporation
Chang, Michele	(3)	Intel Corporation
Hirsch, Tad	(3)	Intel Corporation
Bell, Genevieve	(3)	Intel Corporation
Wang, Tao	(3)	Intel Corporation
Aoki, Paul M.	(3)	Intel Corporation
Song, Junehwa	(3)	Intel Corporation
Rattenbury, Tye	(3)	Intel Corporation
Hwang, Inseok	(3)	Intel Corporation
Blevis, Eli	(3)	Intel Corporation
Friedman, Batya	(3)	Intel Corporation
Jang, Hyukjae	(3)	Intel Corporation
Foucault, Brooke	(3)	Intel Corporation
Hasbrouck, Jay	(3)	Intel Corporation
Lindtner, Silvia	(3)	Intel Corporation
Hwang, Chanyou	(3)	Intel Corporation
Szostak, Dalila	(3)	Intel Corporation
Abowd, Gregory D.	(2)	Intel Corporation
Taft, Nina	(2)	Intel Corporation
Teixeira, Renata	(2)	Intel Corporation
Perrig, Adrian	(2)	Intel Corporation
Walker, Jesse	(2)	Intel Corporation
Avrahami, Daniel	(2)	Intel Corporation
Goodman, Elizabeth	(2)	Intel Corporation
Pering, Trevor	(2)	Intel Corporation
Want, Roy	(2)	Intel Corporation
Mainwaring, Alan	(2)	Intel Corporation
Chandrashekar, Jaideep	(2)	Intel Corporation
Oviatt, Sharon	(2)	Intel Corporation
Mateas, Michael	(2)	Intel Corporation
Wu, Yi	(2)	Intel Corporation
Jung, Jaeyeon	(2)	Intel Corporation
Mankoff, Jennifer	(2)	Intel Corporation
Dey, Anind K.	(2)	Intel Corporation
Greenstein, Ben	(2)	Intel Corporation
Adler, Robert	(2)	Intel Corporation
Beckwith, Richard	(2)	Intel Corporation
Philipose, Matthai	(2)	Intel Corporation
Fox, Dieter	(2)	Intel Corporation
LaMarca, Anthony	(2)	Intel Corporation
Myers, Chris	(2)	Intel Corporation
Du, Yangzhou	(2)	Intel Corporation
Paulos, Eric	(2)	Intel Corporation
Mainwaring, Scott D.	(2)	Intel Corporation
Harrison, Beverly	(2)	Intel Corporation
March, Wendy	(2)	Intel Corporation
Salvador, Tony	(2)	Intel Corporation
Scott, James	(2)	Intel Corporation
Ren, Xiaofeng	(2)	Intel Corporation
Kientz, Julie A.	(2)	Intel Corporation
DiSalvo, Carl	(2)	Intel Corporation
Kuo, Cynthia	(2)	Intel Corporation
Sohn, Timothy	(2)	Intel Corporation
Asokan, Ashwini	(2)	Intel Corporation
Li, Jianguo	(2)	Intel Corporation
Prabhala, Sasanka	(2)	Intel Corporation
Augustin, Sally	(2)	Intel Corporation
Mainwaring, Scott	(2)	Intel Corporation
Nafus, Dawn	(2)	Intel Corporation
Park, Taiwoo	(2)	Intel Corporation
Prendergast, David	(2)	Intel Corporation
Choe, Eun Kyoung	(2)	Intel Corporation
Kumar, Ranjitha	(2)	Intel Corporation
Joumblatt, Diana	(2)	Intel Corporation
Watson, Nathaniel F.	(2)	Intel Corporation
Corriveau, Philip	(2)	Intel Corporation
Choi, Aram	(2)	Intel Corporation
Choi, Yanggui	(2)	Intel Corporation
Lim, Maxine	(2)	Intel Corporation
Ke, Yan	(1)	Intel Corporation
Wang, Wei	(1)	Intel Corporation
Cranor, Lorrie Faith	(1)	Intel Corporation
Chen, Yu	(1)	Intel Corporation
Ganger, Gregory R.	(1)	Intel Corporation
Hancock, Mark S.	(1)	Intel Corporation
Rogers, Yvonne	(1)	Intel Corporation
Pratt, Wanda	(1)	Intel Corporation
Chen, Mike	(1)	Intel Corporation
Han, Jiawei	(1)	Intel Corporation
Tian, Feng	(1)	Intel Corporation
Hellerstein, Joseph M.	(1)	Intel Corporation
Mühlhäuser, Max	(1)	Intel Corporation
Hoeflinger, Jay	(1)	Intel Corporation
Brown, Aaron B.	(1)	Intel Corporation
Blaauw, David	(1)	Intel Corporation
Sylvester, Dennis	(1)	Intel Corporation
Cao, Yu	(1)	Intel Corporation
Wynn, Eleanor	(1)	Intel Corporation
DePaula, Rogério	(1)	Intel Corporation
Hudson, Scott E.	(1)	Intel Corporation
Zhai, Shumin	(9)	Google Inc.
Aula, Anne	(7)	Google Inc.
Chi, Ed	(7)	Google Inc.
Li, Yang	(6)	Google Inc.
Chi, Ed H.	(6)	Google Inc.
Russell, Daniel M.	(6)	Google Inc.
Pirolli, Peter	(4)	Google Inc.
Riegelsberger, Jens	(4)	Google Inc.
Nakhimovsky, Yelena	(4)	Google Inc.
Jain, Jhilmil	(4)	Google Inc.
Jeffries, Robin	(3)	Google Inc.
Druin, Allison	(3)	Google Inc.
Simpson, Matthew	(3)	Google Inc.
Ren, Xiangshi	(3)	Google Inc.
Whittaker, Steve	(3)	Google Inc.
Card, Stuart K.	(3)	Google Inc.
Dearman, David	(3)	Google Inc.
Kellar, Melanie	(3)	Google Inc.
Rodden, Kerry	(3)	Google Inc.
Bi, Xiaojun	(3)	Google Inc.
Partridge, Kurt	(3)	Google Inc.
Kamvar, Maryam	(3)	Google Inc.
Kumar, Janaki	(3)	Google Inc.
Kaye, Joseph 'Jofish'	(2)	Google Inc.
Stefik, Mark	(2)	Google Inc.
Mackay, Wendy	(2)	Google Inc.
Matthews, Tara	(2)	Google Inc.
Winograd, Terry	(2)	Google Inc.
Akers, David	(2)	Google Inc.
Truong, Khai N.	(2)	Google Inc.
Lam, Heidi	(2)	Google Inc.
Tarasewich, Peter	(2)	Google Inc.
Gong, Jun	(2)	Google Inc.
Guan, Zhiwei	(2)	Google Inc.
Beymer, David	(2)	Google Inc.
Karahalios, Karrie	(2)	Google Inc.
Bernstein, Michael	(2)	Google Inc.
Furnas, George	(2)	Google Inc.
Baluja, Shumeet	(2)	Google Inc.
Eckles, Dean	(2)	Google Inc.
Pedersen, Elin Rønby	(2)	Google Inc.
Murray, Dianne	(2)	Google Inc.
Hailpern, Joshua	(2)	Google Inc.
Au, Irene	(2)	Google Inc.
Sun, Minghui	(2)	Google Inc.
Russell, Daniel	(2)	Google Inc.
Müller, Hendrik	(2)	Google Inc.
Khan, Rehan M.	(2)	Google Inc.
Jitkoff, Nicholas	(2)	Google Inc.
Subida, Joseph	(2)	Google Inc.
Judge, Tejinder	(2)	Google Inc.
Ouyang, Tom	(2)	Google Inc.
Shneiderman, Ben	(1)	Google Inc.
Molich, Rolf	(1)	Google Inc.
Sauro, Jeff	(1)	Google Inc.
Thimbleby, Harold	(1)	Google Inc.
Parthasarathy, Srinivasan	(1)	Google Inc.
Rogers, Yvonne	(1)	Google Inc.
Fidel, Raya	(1)	Google Inc.
Fabrikant, Alex	(1)	Google Inc.
Benjelloun, Omar	(1)	Google Inc.
Nahrstedt, Klara	(1)	Google Inc.
Wright, Peter	(1)	Google Inc.
Canny, John	(1)	Google Inc.
Sarrafzadeh, Majid	(1)	Google Inc.
Potkonjak, Miodrag	(1)	Google Inc.
Fox, Armando	(1)	Google Inc.
Gupta, Indranil	(1)	Google Inc.
Thomas, Peter	(1)	Google Inc.
Churchill, Elizabeth F.	(1)	Google Inc.
Ishii, Hiroshi	(1)	Google Inc.
Spasojevic, Mirjana	(1)	Google Inc.
Naaman, Mor	(1)	Google Inc.
Paepcke, Andreas	(1)	Google Inc.
Hassenzahl, Marc	(1)	Google Inc.
Wulf, Volker	(1)	Google Inc.
Stevens, Gunnar	(1)	Google Inc.
Krishnamurthi, Shriram	(1)	Google Inc.
Taha, Walid	(1)	Google Inc.
Guha, Mona Leigh	(1)	Google Inc.
Soloway, Elliot	(1)	Google Inc.
Bertini, Enrico	(1)	Google Inc.
Wang, Ye	(1)	Google Inc.
Brown, Barry	(1)	Google Inc.
Höök, Kristina	(1)	Google Inc.
Jaimes, Alejandro	(1)	Google Inc.
Ur, Sigalit	(1)	Google Inc.
Soroka, Vladimir	(1)	Google Inc.
Jacovi, Michal	(1)	Google Inc.
Aoki, Paul M.	(1)	Google Inc.
Davis, Marc	(1)	Google Inc.
Wang, QianYing	(1)	Google Inc.
Oshlyansky, Lidia	(1)	Google Inc.
MacKenzie, I. Scott	(1)	Google Inc.
Käki, Mika	(1)	Google Inc.
Zanibbi, Richard	(1)	Google Inc.
Randall, Dave	(1)	Google Inc.
Czerwinski, Mary	(1)	Google Inc.
Churchill, Elizabeth	(1)	Google Inc.
Dey, Anind K.	(1)	Google Inc.
Zhai, Shumin	(30)	IBM Almaden Research Center
Matthews, Tara	(12)	IBM Almaden Research Center
Whittaker, Steve	(9)	IBM Almaden Research Center
Nichols, Jeffrey	(9)	IBM Almaden Research Center
Tang, John C.	(6)	IBM Almaden Research Center
Moran, Thomas P.	(6)	IBM Almaden Research Center
Lau, Tessa	(4)	IBM Almaden Research Center
Accot, Johnny	(4)	IBM Almaden Research Center
Zhou, Michelle X.	(4)	IBM Almaden Research Center
Amir, Arnon	(4)	IBM Almaden Research Center
Kandogan, Eser	(4)	IBM Almaden Research Center
Dieberger, Andreas	(4)	IBM Almaden Research Center
Kristensson, Per Ola	(4)	IBM Almaden Research Center
Pierce, Jeffrey	(4)	IBM Almaden Research Center
Lin, James	(3)	IBM Almaden Research Center
Haber, Eben M.	(3)	IBM Almaden Research Center
Russell, Daniel M.	(3)	IBM Almaden Research Center
Ehrlich, Kate	(3)	IBM Almaden Research Center
Cypher, Allen	(3)	IBM Almaden Research Center
Beymer, David	(3)	IBM Almaden Research Center
Flickner, Myron	(3)	IBM Almaden Research Center
Yang, Huahai	(3)	IBM Almaden Research Center
Smith, Barton A.	(3)	IBM Almaden Research Center
Blomberg, Jeanette	(3)	IBM Almaden Research Center
Drews, Clemens	(3)	IBM Almaden Research Center
Guy, Ido	(3)	IBM Almaden Research Center
Pan, Yingxin	(3)	IBM Almaden Research Center
Badenes, Hernan	(3)	IBM Almaden Research Center
Myers, Brad A.	(2)	IBM Almaden Research Center
Guiard, Yves	(2)	IBM Almaden Research Center
Beaudouin-Lafon, Michel	(2)	IBM Almaden Research Center
Wilcox, Eric	(2)	IBM Almaden Research Center
Muller, Michael	(2)	IBM Almaden Research Center
Paternò, Fabio	(2)	IBM Almaden Research Center
Sangiovanni-Vincentelli, Alberto	(2)	IBM Almaden Research Center
Maglio, Paul P.	(2)	IBM Almaden Research Center
Palanque, Philippe	(2)	IBM Almaden Research Center
Kristensson, Per-Ola	(2)	IBM Almaden Research Center
Barrett, Rob	(2)	IBM Almaden Research Center
Qvarfordt, Pernilla	(2)	IBM Almaden Research Center
Wang, Jingtao	(2)	IBM Almaden Research Center
Moran, Thomas	(2)	IBM Almaden Research Center
Zimet, Lior	(2)	IBM Almaden Research Center
Kao, Sean	(2)	IBM Almaden Research Center
Yin, Min	(2)	IBM Almaden Research Center
Cozzi, Alex	(2)	IBM Almaden Research Center
Ronen, Inbal	(2)	IBM Almaden Research Center
Yarosh, Svetlana	(2)	IBM Almaden Research Center
Thomas, Jakita O.	(2)	IBM Almaden Research Center
Zhou, Michelle	(2)	IBM Almaden Research Center
Robson, Christine	(2)	IBM Almaden Research Center
Liao, Qinying	(2)	IBM Almaden Research Center
Judge, Tejinder	(2)	IBM Almaden Research Center
Carreno-Fuentes, Arnaldo	(2)	IBM Almaden Research Center
Elbaum, Sebastian	(1)	IBM Almaden Research Center
Canny, John	(1)	IBM Almaden Research Center
Zhang, Yi	(1)	IBM Almaden Research Center
Syeda-Mahmood, Tanveer	(1)	IBM Almaden Research Center
Chen, Ying	(1)	IBM Almaden Research Center
Pierce, Jeffrey S.	(1)	IBM Almaden Research Center
Wang, Fei	(1)	IBM Almaden Research Center
Stolze, Markus	(1)	IBM Almaden Research Center
Karasti, Helena	(1)	IBM Almaden Research Center
Landay, James A.	(1)	IBM Almaden Research Center
Maglio, P.	(1)	IBM Almaden Research Center
Dordick, R.	(1)	IBM Almaden Research Center
Neti, C.	(1)	IBM Almaden Research Center
Russell, D. M.	(1)	IBM Almaden Research Center
Kim, Sunyoung	(1)	IBM Almaden Research Center
Cao, Xiang	(1)	IBM Almaden Research Center
Dom, Byron	(1)	IBM Almaden Research Center
Luo, Lin	(1)	IBM Almaden Research Center
Shah, Mubarak	(1)	IBM Almaden Research Center
Wu, Fei	(1)	IBM Almaden Research Center
Woltjer, Rogier	(1)	IBM Almaden Research Center
Höök, Kristina	(1)	IBM Almaden Research Center
Kong, Jing	(1)	IBM Almaden Research Center
Ren, Xiangshi	(1)	IBM Almaden Research Center
Vertegaal, Roel	(1)	IBM Almaden Research Center
Dickie, Connor	(1)	IBM Almaden Research Center
Sohn, Changuk	(1)	IBM Almaden Research Center
Lin, Ching-Yung	(1)	IBM Almaden Research Center
Mackay, Wendy	(1)	IBM Almaden Research Center
Muller, Michael J.	(1)	IBM Almaden Research Center
Halverson, Christine A.	(1)	IBM Almaden Research Center
Chen, Hang	(1)	IBM Almaden Research Center
Convertino, Gregorio	(1)	IBM Almaden Research Center
Apitz, Georg	(1)	IBM Almaden Research Center
Guimbretière, François	(1)	IBM Almaden Research Center
Millen, David	(1)	IBM Almaden Research Center
Winograd, Terry	(1)	IBM Almaden Research Center
Takayama, Leila A.	(1)	IBM Almaden Research Center
Prabaker, Madhu	(1)	IBM Almaden Research Center
boyd, danah	(1)	IBM Almaden Research Center
Bennett, John	(1)	IBM Almaden Research Center
Kirk, David	(1)	IBM Almaden Research Center
Collins, Michael	(1)	IBM Almaden Research Center
Selker, Ted	(1)	IBM Almaden Research Center
Crosby, Martha E.	(1)	IBM Almaden Research Center
Brooks, Ruven	(1)	IBM Almaden Research Center
Aliakseyeu, Dzmitry	(10)	Philips Research
Hoonhout, Jettie	(10)	Philips Research
de Ruyter, Boris	(9)	Philips Research
Markopoulos, Panos	(8)	Philips Research
Martens, Jean-Bernard	(6)	Philips Research
Lucero, Andrés	(6)	Philips Research
Subramanian, Sriram	(4)	Philips Research
Meerbeek, Bernt	(4)	Philips Research
Ijsselsteijn, Wijnand	(4)	Philips Research
van Halteren, Aart	(4)	Philips Research
De Ruyter, Boris	(4)	Philips Research
Mason, Jon	(4)	Philips Research
van den Broek, Egon L.	(3)	Philips Research
Nijholt, Anton	(3)	Philips Research
Van den Ende, Nele	(3)	Philips Research
Buie, Elizabeth	(3)	Philips Research
van den Hoven, Elise	(3)	Philips Research
Meesters, Lydia	(3)	Philips Research
Bergman, Tom	(3)	Philips Research
Obrist, Marianna	(3)	Philips Research
Geleijnse, Gijs	(3)	Philips Research
Dadlani, Pavan	(3)	Philips Research
Schut, Marleen H.	(3)	Philips Research
Westerink, Joyce H. D. M.	(3)	Philips Research
Tuinenbreijer, Kees	(3)	Philips Research
Dimitrova, Nevenka	(2)	Philips Research
Aarts, Emile	(2)	Philips Research
Höök, Kristina	(2)	Philips Research
Mussio, Piero	(2)	Philips Research
Aarts, Ronald M.	(2)	Philips Research
Tscheligi, Manfred	(2)	Philips Research
Roto, Virpi	(2)	Philips Research
McClelland, Ian	(2)	Philips Research
Zimmerman, John	(2)	Philips Research
Hollemans, Gerard	(2)	Philips Research
Eggen, Berry	(2)	Philips Research
Biemans, Margit	(2)	Philips Research
IJsselsteijn, Wijnand	(2)	Philips Research
van Dijk, Betsy	(2)	Philips Research
Vorstenbosch, Debby	(2)	Philips Research
Bakker, Saskia	(2)	Philips Research
Al Mahmud, Abdullah	(2)	Philips Research
Du, Jia	(2)	Philips Research
Tijs, Tim	(2)	Philips Research
Khan, Vassilis-Javed	(2)	Philips Research
Brokken, Dirk	(2)	Philips Research
Campanella, Marco	(2)	Philips Research
Nieuwenhuizen, Karin	(2)	Philips Research
Westerink, Joyce	(2)	Philips Research
Zhu, Danhua	(2)	Philips Research
Wiethoff, Alexander	(2)	Philips Research
Garcia-Molina, Gary	(2)	Philips Research
van Essen, Harm	(2)	Philips Research
Comber, Rob	(2)	Philips Research
Schuurmans, Johan	(1)	Philips Research
Nigam, T.	(1)	Philips Research
Groeseneken, G.	(1)	Philips Research
Degraeve, R.	(1)	Philips Research
Vandervorst, W.	(1)	Philips Research
Gutwin, Carl	(1)	Philips Research
Streitz, Norbert	(1)	Philips Research
Rogers, Yvonne	(1)	Philips Research
Wright, Peter	(1)	Philips Research
Li, Ying	(1)	Philips Research
Li, Li	(1)	Philips Research
Costabile, Maria Francesca	(1)	Philips Research
Fischer, Gerhard	(1)	Philips Research
Väänänen-Vainio-Mattila, Kaisa	(1)	Philips Research
O'Hara, Kenton	(1)	Philips Research
Kaye, Joseph 'Jofish'	(1)	Philips Research
Overbeeke, Kees	(1)	Philips Research
Mehandjiev, Nikolay	(1)	Philips Research
Beringer, Joerg	(1)	Philips Research
Paternò, Fabio	(1)	Philips Research
Schmidt, Albrecht	(1)	Philips Research
Irani, Pourang	(1)	Philips Research
Hummels, Caroline	(1)	Philips Research
Hu, Jun	(1)	Philips Research
Feijs, Loe	(1)	Philips Research
Mattelmäki, Tuuli	(1)	Philips Research
Law, Effie Lai-Chong	(1)	Philips Research
Green, William	(1)	Philips Research
Mäkelä, Satu-Marja	(1)	Philips Research
Vildjiounaite, Elena	(1)	Philips Research
Diederiks, Elmo	(1)	Philips Research
Brinkman, Willem-Paul	(1)	Philips Research
McOwan, Peter W.	(1)	Philips Research
Mihajlović, Vojkan	(1)	Philips Research
Qian, Yuechen	(1)	Philips Research
Mäntyjärvi, Jani	(1)	Philips Research
Sundström, Petra	(1)	Philips Research
Erp, Jan B. F. Van	(1)	Philips Research
Bartneck, Christoph	(1)	Philips Research
Gong, Shaogang	(1)	Philips Research
van Breemen, Albert	(1)	Philips Research
Privender, Saini	(1)	Philips Research
Kyllönen, Vesa	(1)	Philips Research
Mertens, S.	(1)	Philips Research
Myers, Brad	(1)	Philips Research
Hooper, Clare J.	(1)	Philips Research
Denef, Sebastian	(10)	Fraunhofer Institute for Applied Information Technology
Ramirez, Leonardo	(10)	Fraunhofer Institute for Applied Information Technology
Lorenz, Andreas	(8)	Fraunhofer Institute for Applied Information Technology
Velasco, Carlos A.	(8)	Fraunhofer Institute for Applied Information Technology
Mohamad, Yehya	(6)	Fraunhofer Institute for Applied Information Technology
Wulf, Volker	(6)	Fraunhofer Institute for Applied Information Technology
Stevens, Gunnar	(6)	Fraunhofer Institute for Applied Information Technology
Zimmermann, Andreas	(6)	Fraunhofer Institute for Applied Information Technology
Broll, Wolfgang	(5)	Fraunhofer Institute for Applied Information Technology
Dyrks, Tobias	(5)	Fraunhofer Institute for Applied Information Technology
Schwartz, Tobias	(5)	Fraunhofer Institute for Applied Information Technology
Rukzio, Enrico	(4)	Fraunhofer Institute for Applied Information Technology
McCall, Rod	(4)	Fraunhofer Institute for Applied Information Technology
Oppermann, Reinhard	(4)	Fraunhofer Institute for Applied Information Technology
Jentsch, Marc	(4)	Fraunhofer Institute for Applied Information Technology
Vlachogiannis, Evangelos	(3)	Fraunhofer Institute for Applied Information Technology
Klann, Markus	(3)	Fraunhofer Institute for Applied Information Technology
Prinz, Wolfgang	(3)	Fraunhofer Institute for Applied Information Technology
Henze, Niels	(3)	Fraunhofer Institute for Applied Information Technology
Bentley, Richard	(3)	Fraunhofer Institute for Applied Information Technology
Lawo, Michael	(3)	Fraunhofer Institute for Applied Information Technology
Strobbe, Christophe	(3)	Fraunhofer Institute for Applied Information Technology
Betz, Matthias	(3)	Fraunhofer Institute for Applied Information Technology
Fischer, Gerhard	(2)	Fraunhofer Institute for Applied Information Technology
Pieper, Michael	(2)	Fraunhofer Institute for Applied Information Technology
Oppermann, Leif	(2)	Fraunhofer Institute for Applied Information Technology
Keyson, David	(2)	Fraunhofer Institute for Applied Information Technology
Schmidt-Belz, Barbara	(2)	Fraunhofer Institute for Applied Information Technology
Braun, Anne-Kathrin	(2)	Fraunhofer Institute for Applied Information Technology
Boden, Alexander	(2)	Fraunhofer Institute for Applied Information Technology
Righetti, Xavier	(2)	Fraunhofer Institute for Applied Information Technology
Koch, Johannes	(2)	Fraunhofer Institute for Applied Information Technology
Al-Akkad, Ahmad-Amr	(2)	Fraunhofer Institute for Applied Information Technology
Pullmann, Jaroslav	(2)	Fraunhofer Institute for Applied Information Technology
Jahn, Marco	(2)	Fraunhofer Institute for Applied Information Technology
Klein, Patrick	(2)	Fraunhofer Institute for Applied Information Technology
Modzelewski, Markus	(2)	Fraunhofer Institute for Applied Information Technology
Fennell, Antoinette	(2)	Fraunhofer Institute for Applied Information Technology
Kirisci, Pierre	(2)	Fraunhofer Institute for Applied Information Technology
Herramhof, Sandor	(2)	Fraunhofer Institute for Applied Information Technology
Simon, Jonathan	(2)	Fraunhofer Institute for Applied Information Technology
Al-Akkad, Amro	(2)	Fraunhofer Institute for Applied Information Technology
Ackermann, Philip	(2)	Fraunhofer Institute for Applied Information Technology
Wood, Lisa	(2)	Fraunhofer Institute for Applied Information Technology
Schmalstieg, Dieter	(1)	Fraunhofer Institute for Applied Information Technology
Wilson, M.	(1)	Fraunhofer Institute for Applied Information Technology
Billinghurst, Mark	(1)	Fraunhofer Institute for Applied Information Technology
Malizia, Alessio	(1)	Fraunhofer Institute for Applied Information Technology
Carroll, John M.	(1)	Fraunhofer Institute for Applied Information Technology
Rosson, Mary Beth	(1)	Fraunhofer Institute for Applied Information Technology
Dittrich, Yvonne	(1)	Fraunhofer Institute for Applied Information Technology
Mørch, Anders I.	(1)	Fraunhofer Institute for Applied Information Technology
Büscher, Monika	(1)	Fraunhofer Institute for Applied Information Technology
Jones, Matt	(1)	Fraunhofer Institute for Applied Information Technology
Rodden, Tom	(1)	Fraunhofer Institute for Applied Information Technology
Won, Markus	(1)	Fraunhofer Institute for Applied Information Technology
Benford, Steve	(1)	Fraunhofer Institute for Applied Information Technology
Kinshuk,	(1)	Fraunhofer Institute for Applied Information Technology
Murray-Smith, Roderick	(1)	Fraunhofer Institute for Applied Information Technology
Benyon, David	(1)	Fraunhofer Institute for Applied Information Technology
Jacucci, Giulio	(1)	Fraunhofer Institute for Applied Information Technology
Wagner, Ina	(1)	Fraunhofer Institute for Applied Information Technology
Carmien, Stefan	(1)	Fraunhofer Institute for Applied Information Technology
Boll, Susanne	(1)	Fraunhofer Institute for Applied Information Technology
Nigay, Laurence	(1)	Fraunhofer Institute for Applied Information Technology
Schäfer, Leonie	(1)	Fraunhofer Institute for Applied Information Technology
Valle, Carla	(1)	Fraunhofer Institute for Applied Information Technology
Petrie, Helen	(1)	Fraunhofer Institute for Applied Information Technology
Anderweit, Renate	(1)	Fraunhofer Institute for Applied Information Technology
Hwang, Faustina	(1)	Fraunhofer Institute for Applied Information Technology
Twidale, Michael	(1)	Fraunhofer Institute for Applied Information Technology
ChinJr., George	(1)	Fraunhofer Institute for Applied Information Technology
Chamberlain, Alan	(1)	Fraunhofer Institute for Applied Information Technology
Macq, Benoit	(1)	Fraunhofer Institute for Applied Information Technology
Levialdi, Stefano	(1)	Fraunhofer Institute for Applied Information Technology
Gross, Tom	(1)	Fraunhofer Institute for Applied Information Technology
Kray, Christian	(1)	Fraunhofer Institute for Applied Information Technology
Krüger, Antonio	(1)	Fraunhofer Institute for Applied Information Technology
Sikkel, Klaas	(1)	Fraunhofer Institute for Applied Information Technology
Vanderdonckt, Jean	(1)	Fraunhofer Institute for Applied Information Technology
Chittaro, Luca	(1)	Fraunhofer Institute for Applied Information Technology
Flintham, Martin	(1)	Fraunhofer Institute for Applied Information Technology
Rohs, Michael	(1)	Fraunhofer Institute for Applied Information Technology
Herbst, Iris	(1)	Fraunhofer Institute for Applied Information Technology
Lindt, Irma	(1)	Fraunhofer Institute for Applied Information Technology
Cheverst, Keith	(1)	Fraunhofer Institute for Applied Information Technology
Marshall, Joe	(1)	Fraunhofer Institute for Applied Information Technology
Koenemann, Jürgen	(1)	Fraunhofer Institute for Applied Information Technology
Tolmie, Peter	(1)	Fraunhofer Institute for Applied Information Technology
Hettinga, Marike	(1)	Fraunhofer Institute for Applied Information Technology
Adams, Ray	(1)	Fraunhofer Institute for Applied Information Technology
Pieper, M.	(1)	Fraunhofer Institute for Applied Information Technology
Mühlenbein, Heinz	(1)	Fraunhofer Institute for Applied Information Technology
Morrison, Ann	(1)	Fraunhofer Institute for Applied Information Technology
Andriessen, J. H. Erik	(1)	Fraunhofer Institute for Applied Information Technology
Patel, Ashok	(1)	Fraunhofer Institute for Applied Information Technology
Bordegoni, M.	(1)	Fraunhofer Institute for Applied Information Technology
Power, Christopher	(1)	Fraunhofer Institute for Applied Information Technology
Tandavanitj, Nick	(1)	Fraunhofer Institute for Applied Information Technology
Adams, Matt	(1)	Fraunhofer Institute for Applied Information Technology
Buzzi, Marina	(15)	Italian National Research Council
Paternò, Fabio	(15)	Italian National Research Council
Buzzi, Maria Claudia	(13)	Italian National Research Council
Leporini, Barbara	(10)	Italian National Research Council
Santoro, Carmen	(5)	Italian National Research Council
Burzagli, Laura	(4)	Italian National Research Council
Emiliani, Pier Luigi	(4)	Italian National Research Council
Fenili, Claudia	(4)	Italian National Research Council
Mori, Giulio	(3)	Italian National Research Council
Palanque, Philippe	(3)	Italian National Research Council
De Pietro, Giuseppe	(3)	Italian National Research Council
Gabbanini, Francesco	(3)	Italian National Research Council
Artoni, Silvia	(3)	Italian National Research Council
Wilson, M.	(2)	Italian National Research Council
Andronico, Patrizia	(2)	Italian National Research Council
Castelfranchi, Cristiano	(2)	Italian National Research Council
Mussio, Piero	(2)	Italian National Research Council
Nichols, Jeffrey	(2)	Italian National Research Council
Grifoni, Patrizia	(2)	Italian National Research Council
Ferri, Fernando	(2)	Italian National Research Council
Padula, Marco	(2)	Italian National Research Council
Cesta, Amedeo	(2)	Italian National Research Council
Bordegoni, M.	(2)	Italian National Research Council
Eriksson, Joakim	(2)	Italian National Research Council
Pescarin, Sofia	(2)	Italian National Research Council
Bottino, Rosa Maria	(2)	Italian National Research Council
Ferlino, Lucia	(2)	Italian National Research Council
Germanakos, Panagiotis	(2)	Italian National Research Council
Ghiani, Giuseppe	(2)	Italian National Research Council
Caruso, Giovanni Paolo	(2)	Italian National Research Council
Spano, Lucio Davide	(2)	Italian National Research Council
Graf, Holger	(2)	Italian National Research Council
Senette, Caterina	(2)	Italian National Research Council
Faconti, G.	(2)	Italian National Research Council
Rist, T.	(2)	Italian National Research Council
Trahanias, P.	(2)	Italian National Research Council
Di Pasquale, Davide	(2)	Italian National Research Council
Thimbleby, Harold	(1)	Italian National Research Council
Myers, Brad A.	(1)	Italian National Research Council
Marti, Patrizia	(1)	Italian National Research Council
Harrison, Michael	(1)	Italian National Research Council
Costabile, Maria Francesca	(1)	Italian National Research Council
Blandford, Ann	(1)	Italian National Research Council
Straccia, Umberto	(1)	Italian National Research Council
Feiner, S.	(1)	Italian National Research Council
Akhter, Fahim	(1)	Italian National Research Council
Molfino, Maria Teresa	(1)	Italian National Research Council
Forcheri, Paola	(1)	Italian National Research Council
Coninx, Karin	(1)	Italian National Research Council
Sebastiani, Fabrizio	(1)	Italian National Research Council
Fresta, Giuseppe	(1)	Italian National Research Council
Fogli, Daniela	(1)	Italian National Research Council
Formica, Anna	(1)	Italian National Research Council
Rizzo, Paola	(1)	Italian National Research Council
Brooks, Ruven	(1)	Italian National Research Council
Fernandez-Valmayor, Alfredo	(1)	Italian National Research Council
Gaglio, Salvatore	(1)	Italian National Research Council
Missikoff, M.	(1)	Italian National Research Council
Paolucci, Mario	(1)	Italian National Research Council
Chbeir, Richard	(1)	Italian National Research Council
Rizzo, Riccardo	(1)	Italian National Research Council
Ghiani, G.	(1)	Italian National Research Council
Santoro, C.	(1)	Italian National Research Council
Paternò, F.	(1)	Italian National Research Council
Meghini, Carlo	(1)	Italian National Research Council
Quarati, Alfonso	(1)	Italian National Research Council
Di Fatta, Giuseppe	(1)	Italian National Research Council
Oddi, Angelo	(1)	Italian National Research Council
Vidakovic, Brani	(1)	Italian National Research Council
Duke, David	(1)	Italian National Research Council
Tesconi, Maurizio	(1)	Italian National Research Council
Milanesi, Luciano	(1)	Italian National Research Council
D'Ulizia, Arianna	(1)	Italian National Research Council
Fiannaca, Antonino	(1)	Italian National Research Council
Gallo, Luigi	(1)	Italian National Research Council
Coronato, Antonio	(1)	Italian National Research Council
Dini, Silvia	(1)	Italian National Research Council
Orro, Alessandro	(1)	Italian National Research Council
Sabater-Mir, Jordi	(1)	Italian National Research Council
Faconti, Giorgio	(1)	Italian National Research Council
Maiellaro, Nicola	(1)	Italian National Research Council
Scala, Paolo L.	(1)	Italian National Research Council
Pinyol, Isaac	(1)	Italian National Research Council
Dellunde, Pilar	(1)	Italian National Research Council
Pozzi, Francesca	(1)	Italian National Research Council
Barricelli, Barbara Rita	(1)	Italian National Research Council
Scala, Paolo Luigi	(1)	Italian National Research Council
Paternó, F.	(1)	Italian National Research Council
Oladimeji, Patrick	(1)	Italian National Research Council
Georgiadis, Dimosthenis	(1)	Italian National Research Council
Penichet, Victor M. R.	(1)	Italian National Research Council
Laouris, Yiannis	(1)	Italian National Research Council
Maybury, M. T.	(1)	Italian National Research Council
Ruggieri, S.	(1)	Italian National Research Council
Kansy, K.	(1)	Italian National Research Council
Gallo, L.	(1)	Italian National Research Council
Minutolo, A.	(1)	Italian National Research Council
Derado, Gordana	(1)	Italian National Research Council
Bowman, F. DuBois	(1)	Italian National Research Council
Newell, Mary	(1)	Italian National Research Council
Neerincx, Mark A.	(4)	Netherlands Organisation for Applied Scientific Research - TNO
Steen, Marc	(3)	Netherlands Organisation for Applied Scientific Research - TNO
Kort, Joke	(3)	Netherlands Organisation for Applied Scientific Research - TNO
Lindenberg, Jasper	(3)	Netherlands Organisation for Applied Scientific Research - TNO
Hassenzahl, Marc	(2)	Netherlands Organisation for Applied Scientific Research - TNO
Roto, Virpi	(2)	Netherlands Organisation for Applied Scientific Research - TNO
Vermeeren, Arnold P.O.S.	(2)	Netherlands Organisation for Applied Scientific Research - TNO
Smets, Nanja J. J. M.	(2)	Netherlands Organisation for Applied Scientific Research - TNO
Streefkerk, Jan Willem	(2)	Netherlands Organisation for Applied Scientific Research - TNO
Beusmans, J. W. F.	(1)	Netherlands Organisation for Applied Scientific Research - TNO
Kuiper-Hoyng, L. L. M. L.	(1)	Netherlands Organisation for Applied Scientific Research - TNO
van den Broek, Egon L.	(1)	Netherlands Organisation for Applied Scientific Research - TNO
Loh, Janice	(1)	Netherlands Organisation for Applied Scientific Research - TNO
Lindeboom, Lucas	(1)	Netherlands Organisation for Applied Scientific Research - TNO
Joore, Peter	(1)	Netherlands Organisation for Applied Scientific Research - TNO
Schietecat, Tomas	(1)	Netherlands Organisation for Applied Scientific Research - TNO
Kwok, Tsun Fai	(1)	Netherlands Organisation for Applied Scientific Research - TNO
Pikaart, Arlette	(1)	Netherlands Organisation for Applied Scientific Research - TNO
de Koning, Nicole	(1)	Netherlands Organisation for Applied Scientific Research - TNO
Pemberton, Steven	(1)	Netherlands Organisation for Applied Scientific Research - TNO
van der Kleij, Rick	(1)	Netherlands Organisation for Applied Scientific Research - TNO
Nijholt, Anton	(1)	Netherlands Organisation for Applied Scientific Research - TNO
McCrickard, D. Scott	(1)	Netherlands Organisation for Applied Scientific Research - TNO
Cremers, A. H. M.	(1)	Netherlands Organisation for Applied Scientific Research - TNO
van Esch-Bussemakers, M. P.	(1)	Netherlands Organisation for Applied Scientific Research - TNO
Law, Effie Lai-Chong	(1)	Netherlands Organisation for Applied Scientific Research - TNO
de Poot, Henk	(1)	Netherlands Organisation for Applied Scientific Research - TNO
Jansen, Chris	(1)	Netherlands Organisation for Applied Scientific Research - TNO
Veen, Hendrik A. H. C. Van	(1)	Netherlands Organisation for Applied Scientific Research - TNO
Erp, Jan B. F. Van	(1)	Netherlands Organisation for Applied Scientific Research - TNO
Dobbins, Trevor	(1)	Netherlands Organisation for Applied Scientific Research - TNO
Poel, Mannes	(1)	Netherlands Organisation for Applied Scientific Research - TNO
Aluwalia, Amy	(1)	Netherlands Organisation for Applied Scientific Research - TNO
Henkemans, Olivier Blanson	(1)	Netherlands Organisation for Applied Scientific Research - TNO
de Haan, Geert	(1)	Netherlands Organisation for Applied Scientific Research - TNO
Law, Effie	(1)	Netherlands Organisation for Applied Scientific Research - TNO
Neerincx, Mark	(1)	Netherlands Organisation for Applied Scientific Research - TNO
van Diggelen, Jurriaan	(1)	Netherlands Organisation for Applied Scientific Research - TNO
Sciacchitano, Brian	(1)	Netherlands Organisation for Applied Scientific Research - TNO
Langley, David	(1)	Netherlands Organisation for Applied Scientific Research - TNO
Thomas, Graham	(1)	Netherlands Organisation for Applied Scientific Research - TNO
Visser, Froukje Sleeswijk	(1)	Netherlands Organisation for Applied Scientific Research - TNO
Kaiser, Rene	(1)	Netherlands Organisation for Applied Scientific Research - TNO
te Brake, Guido M.	(1)	Netherlands Organisation for Applied Scientific Research - TNO
van Esch-Bussemakers, Myra P.	(1)	Netherlands Organisation for Applied Scientific Research - TNO
Pals, Nico	(1)	Netherlands Organisation for Applied Scientific Research - TNO
Uluca, Doguhan	(1)	Netherlands Organisation for Applied Scientific Research - TNO
de Boer, Jenny	(1)	Netherlands Organisation for Applied Scientific Research - TNO
Kuiper-Hoyng, Lilliane	(1)	Netherlands Organisation for Applied Scientific Research - TNO
Zoric, Goranka	(1)	Netherlands Organisation for Applied Scientific Research - TNO
de Greef, Tjerk	(1)	Netherlands Organisation for Applied Scientific Research - TNO
Nijboer, Femke	(1)	Netherlands Organisation for Applied Scientific Research - TNO
Westera, Matthijs	(1)	Netherlands Organisation for Applied Scientific Research - TNO
Boschloo, Jimmy	(1)	Netherlands Organisation for Applied Scientific Research - TNO
Koelewijn, Laurens S.	(1)	Netherlands Organisation for Applied Scientific Research - TNO
Brons, Lisanne	(1)	Netherlands Organisation for Applied Scientific Research - TNO
Fairclough, Stephen	(1)	Netherlands Organisation for Applied Scientific Research - TNO
Niamut, Omar A.	(1)	Netherlands Organisation for Applied Scientific Research - TNO
Paymans, Tim F.	(1)	Netherlands Organisation for Applied Scientific Research - TNO